Time,"Query Time (ms)","Render Time (ms)",Token,IP,Method,URL,Queries,"Managed Entities"
"2025-07-30 22:10:06",9.23,319.71,420896,127.0.0.1,GET,http://127.0.0.1:8000/admin/album,2,10001
"2025-07-30 22:10:06",9.74,319.81,a044d1,127.0.0.1,GET,http://127.0.0.1:8000/admin/album,2,10001
"2025-07-30 22:10:05",10.08,319.17,7a824d,127.0.0.1,GET,http://127.0.0.1:8000/admin/album,2,10001
"2025-07-30 22:10:05",10.52,320.88,934007,127.0.0.1,GET,http://127.0.0.1:8000/admin/album,2,10001
"2025-07-30 22:10:05",6.85,316.34,cd1bb1,127.0.0.1,GET,http://127.0.0.1:8000/admin/album,2,10001
"2025-07-30 22:10:04",12.25,323.60,d10f10,127.0.0.1,GET,http://127.0.0.1:8000/admin/album,2,10001
"2025-07-30 22:10:04",9.87,323.20,a28b3c,127.0.0.1,GET,http://127.0.0.1:8000/admin/album,2,10001
"2025-07-30 22:10:04",9.66,319.89,091369,127.0.0.1,GET,http://127.0.0.1:8000/admin/album,2,10001
"2025-07-30 22:10:03",9.14,319.14,cf20d6,127.0.0.1,GET,http://127.0.0.1:8000/admin/album,2,10001
"2025-07-30 22:10:03",9.48,318.44,9f5c93,127.0.0.1,GET,http://127.0.0.1:8000/admin/album,2,10001
"2025-07-30 22:10:03",12.20,320.06,2d66df,127.0.0.1,GET,http://127.0.0.1:8000/admin/album,2,10001
"2025-07-30 22:10:02",6.83,314.79,c364aa,127.0.0.1,GET,http://127.0.0.1:8000/admin/album,2,10001
"2025-07-30 22:10:02",8.02,316.42,b07c1c,127.0.0.1,GET,http://127.0.0.1:8000/admin/album,2,10001
"2025-07-30 22:10:02",11.48,321.90,10cb57,127.0.0.1,GET,http://127.0.0.1:8000/admin/album,2,10001
"2025-07-30 22:10:01",10.07,318.77,2fdf91,127.0.0.1,GET,http://127.0.0.1:8000/admin/album,2,10001
"2025-07-30 22:10:01",11.54,325.16,ba30a3,127.0.0.1,GET,http://127.0.0.1:8000/admin/album,2,10001
"2025-07-30 22:10:01",9.47,318.84,0535c7,127.0.0.1,GET,http://127.0.0.1:8000/admin/album,2,10001
"2025-07-30 22:10:00",10.41,319.99,5be23e,127.0.0.1,GET,http://127.0.0.1:8000/admin/album,2,10001
"2025-07-30 22:10:00",11.18,321.22,84b539,127.0.0.1,GET,http://127.0.0.1:8000/admin/album,2,10001
"2025-07-30 22:09:59",9.29,318.89,11c5f6,127.0.0.1,GET,http://127.0.0.1:8000/admin/album,2,10001
"2025-07-30 22:09:59",9.35,320.09,71b27e,127.0.0.1,GET,http://127.0.0.1:8000/admin/album,2,10001
"2025-07-30 22:09:59",11.61,320.26,4a8bd3,127.0.0.1,GET,http://127.0.0.1:8000/admin/album,2,10001
"2025-07-30 22:09:58",11.29,320.39,383bc5,127.0.0.1,GET,http://127.0.0.1:8000/admin/album,2,10001
"2025-07-30 22:09:58",12.85,324.24,a7d45e,127.0.0.1,GET,http://127.0.0.1:8000/admin/album,2,10001
"2025-07-30 22:09:58",10.12,321.31,16fd17,127.0.0.1,GET,http://127.0.0.1:8000/admin/album,2,10001
"2025-07-30 22:09:57",11.47,322.04,4c1df2,127.0.0.1,GET,http://127.0.0.1:8000/admin/album,2,10001
"2025-07-30 22:09:57",9.78,317.92,3bad0f,127.0.0.1,GET,http://127.0.0.1:8000/admin/album,2,10001
"2025-07-30 22:09:57",8.83,319.47,aedd2c,127.0.0.1,GET,http://127.0.0.1:8000/admin/album,2,10001
"2025-07-30 22:09:56",11.08,319.34,b40b29,127.0.0.1,GET,http://127.0.0.1:8000/admin/album,2,10001
"2025-07-30 22:09:56",10.28,319.95,4ab84a,127.0.0.1,GET,http://127.0.0.1:8000/admin/album,2,10001
"2025-07-30 22:09:56",9.43,319.91,5624c8,127.0.0.1,GET,http://127.0.0.1:8000/admin/album,2,10001
"2025-07-30 22:09:55",11.40,321.84,77d155,127.0.0.1,GET,http://127.0.0.1:8000/admin/album,2,10001
"2025-07-30 22:09:55",11.52,324.21,40f3d8,127.0.0.1,GET,http://127.0.0.1:8000/admin/album,2,10001
"2025-07-30 22:09:55",6.66,317.52,f5e7ac,127.0.0.1,GET,http://127.0.0.1:8000/admin/album,2,10001
"2025-07-30 22:09:54",11.79,320.36,65d7f2,127.0.0.1,GET,http://127.0.0.1:8000/admin/album,2,10001
"2025-07-30 22:09:54",8.67,316.02,c7603e,127.0.0.1,GET,http://127.0.0.1:8000/admin/album,2,10001
"2025-07-30 22:09:54",10.23,316.35,5ac220,127.0.0.1,GET,http://127.0.0.1:8000/admin/album,2,10001
"2025-07-30 22:09:53",12.58,324.07,a10bc2,127.0.0.1,GET,http://127.0.0.1:8000/admin/album,2,10001
"2025-07-30 22:09:53",4.16,317.39,f9ddfc,127.0.0.1,GET,http://127.0.0.1:8000/admin/album,2,10001
"2025-07-30 22:09:53",9.94,319.18,fd6070,127.0.0.1,GET,http://127.0.0.1:8000/admin/album,2,10001
"2025-07-30 22:09:52",9.26,318.78,f2634f,127.0.0.1,GET,http://127.0.0.1:8000/admin/album,2,10001
"2025-07-30 22:09:52",9.29,322.94,856d1a,127.0.0.1,GET,http://127.0.0.1:8000/admin/album,2,10001
"2025-07-30 22:09:52",10.04,318.28,9ffe9f,127.0.0.1,GET,http://127.0.0.1:8000/admin/album,2,10001
"2025-07-30 22:09:51",9.30,321.34,d89a48,127.0.0.1,GET,http://127.0.0.1:8000/admin/album,2,10001
"2025-07-30 22:09:51",7.45,317.99,636d40,127.0.0.1,GET,http://127.0.0.1:8000/admin/album,2,10001
"2025-07-30 22:09:51",4.53,311.30,3dcaf3,127.0.0.1,GET,http://127.0.0.1:8000/admin/album,2,10001
"2025-07-30 22:09:50",11.56,321.95,2d7871,127.0.0.1,GET,http://127.0.0.1:8000/admin/album,2,10001
"2025-07-30 22:09:50",10.08,320.14,e39527,127.0.0.1,GET,http://127.0.0.1:8000/admin/album,2,10001
"2025-07-30 22:09:50",9.41,317.29,2ee6cf,127.0.0.1,GET,http://127.0.0.1:8000/admin/album,2,10001
"2025-07-30 22:09:49",10.71,320.59,50c315,127.0.0.1,GET,http://127.0.0.1:8000/admin/album,2,10001
"2025-07-30 22:09:49",12.02,324.24,bac469,127.0.0.1,GET,http://127.0.0.1:8000/admin/album,2,10001
"2025-07-30 22:09:49",9.71,319.75,9031eb,127.0.0.1,GET,http://127.0.0.1:8000/admin/album,2,10001
"2025-07-30 22:09:48",11.00,319.95,348cdf,127.0.0.1,GET,http://127.0.0.1:8000/admin/album,2,10001
"2025-07-30 22:09:48",10.66,319.81,83ad33,127.0.0.1,GET,http://127.0.0.1:8000/admin/album,2,10001
"2025-07-30 22:09:48",9.95,318.98,39cf4f,127.0.0.1,GET,http://127.0.0.1:8000/admin/album,2,10001
"2025-07-30 22:09:47",8.85,315.87,f93479,127.0.0.1,GET,http://127.0.0.1:8000/admin/album,2,10001
"2025-07-30 22:09:47",7.93,313.75,581366,127.0.0.1,GET,http://127.0.0.1:8000/admin/album,2,10001
"2025-07-30 22:09:47",12.41,319.58,10eebf,127.0.0.1,GET,http://127.0.0.1:8000/admin/album,2,10001
"2025-07-30 22:09:46",9.04,315.64,41a6cb,127.0.0.1,GET,http://127.0.0.1:8000/admin/album,2,10001
"2025-07-30 22:09:46",11.92,324.87,0b2316,127.0.0.1,GET,http://127.0.0.1:8000/admin/album,2,10001
"2025-07-30 22:09:46",9.35,316.93,b54415,127.0.0.1,GET,http://127.0.0.1:8000/admin/album,2,10001
"2025-07-30 22:09:45",9.23,317.64,308987,127.0.0.1,GET,http://127.0.0.1:8000/admin/album,2,10001
"2025-07-30 22:09:45",4.73,309.77,e987c6,127.0.0.1,GET,http://127.0.0.1:8000/admin/album,2,10001
"2025-07-30 22:09:45",11.86,322.73,88608a,127.0.0.1,GET,http://127.0.0.1:8000/admin/album,2,10001
"2025-07-30 22:09:44",9.69,320.27,c6b333,127.0.0.1,GET,http://127.0.0.1:8000/admin/album,2,10001
"2025-07-30 22:09:44",7.99,318.83,73427a,127.0.0.1,GET,http://127.0.0.1:8000/admin/album,2,10001
"2025-07-30 22:09:44",10.19,318.84,258f4d,127.0.0.1,GET,http://127.0.0.1:8000/admin/album,2,10001
"2025-07-30 22:09:43",11.18,323.97,2ec86c,127.0.0.1,GET,http://127.0.0.1:8000/admin/album,2,10001
"2025-07-30 22:09:43",9.36,320.87,0035dc,127.0.0.1,GET,http://127.0.0.1:8000/admin/album,2,10001
"2025-07-30 22:09:42",9.37,319.32,bd6fad,127.0.0.1,GET,http://127.0.0.1:8000/admin/album,2,10001
"2025-07-30 22:09:42",9.36,318.22,4f5912,127.0.0.1,GET,http://127.0.0.1:8000/admin/album,2,10001
"2025-07-30 22:09:42",10.37,320.22,41bbb1,127.0.0.1,GET,http://127.0.0.1:8000/admin/album,2,10001
"2025-07-30 22:09:41",12.26,323.12,9a915c,127.0.0.1,GET,http://127.0.0.1:8000/admin/album,2,10001
"2025-07-30 22:09:41",8.56,319.92,84bbbb,127.0.0.1,GET,http://127.0.0.1:8000/admin/album,2,10001
"2025-07-30 22:09:41",11.54,322.05,cfbb2e,127.0.0.1,GET,http://127.0.0.1:8000/admin/album,2,10001
"2025-07-30 22:09:40",7.95,318.63,50ef13,127.0.0.1,GET,http://127.0.0.1:8000/admin/album,2,10001
"2025-07-30 22:09:40",9.19,322.70,35c80c,127.0.0.1,GET,http://127.0.0.1:8000/admin/album,2,10001
"2025-07-30 22:09:40",11.48,322.68,062b55,127.0.0.1,GET,http://127.0.0.1:8000/admin/album,2,10001
"2025-07-30 22:09:39",8.85,319.45,9d49b0,127.0.0.1,GET,http://127.0.0.1:8000/admin/album,2,10001
"2025-07-30 22:09:39",9.59,319.58,eb8969,127.0.0.1,GET,http://127.0.0.1:8000/admin/album,2,10001
"2025-07-30 22:09:39",5.16,313.31,a43c15,127.0.0.1,GET,http://127.0.0.1:8000/admin/album,2,10001
"2025-07-30 22:09:38",11.62,320.58,842ba6,127.0.0.1,GET,http://127.0.0.1:8000/admin/album,2,10001
"2025-07-30 22:09:38",7.42,317.49,a308e2,127.0.0.1,GET,http://127.0.0.1:8000/admin/album,2,10001
"2025-07-30 22:09:38",9.43,321.56,024445,127.0.0.1,GET,http://127.0.0.1:8000/admin/album,2,10001
"2025-07-30 22:09:37",9.09,318.68,b82305,127.0.0.1,GET,http://127.0.0.1:8000/admin/album,2,10001
"2025-07-30 22:09:37",6.40,319.15,e22593,127.0.0.1,GET,http://127.0.0.1:8000/admin/album,2,10001
"2025-07-30 22:09:37",11.31,320.73,f31d72,127.0.0.1,GET,http://127.0.0.1:8000/admin/album,2,10001
"2025-07-30 22:09:36",10.01,319.42,2c23b4,127.0.0.1,GET,http://127.0.0.1:8000/admin/album,2,10001
"2025-07-30 22:09:36",9.64,318.63,7f8601,127.0.0.1,GET,http://127.0.0.1:8000/admin/album,2,10001
"2025-07-30 22:09:36",8.51,317.50,5d0b8c,127.0.0.1,GET,http://127.0.0.1:8000/admin/album,2,10001
"2025-07-30 22:09:35",10.53,319.50,88d9df,127.0.0.1,GET,http://127.0.0.1:8000/admin/album,2,10001
"2025-07-30 22:09:35",10.53,320.76,d2050e,127.0.0.1,GET,http://127.0.0.1:8000/admin/album,2,10001
"2025-07-30 22:09:35",9.29,317.98,2272e9,127.0.0.1,GET,http://127.0.0.1:8000/admin/album,2,10001
"2025-07-30 22:09:34",10.45,318.78,ef5ce6,127.0.0.1,GET,http://127.0.0.1:8000/admin/album,2,10001
"2025-07-30 22:09:34",9.52,324.71,4c4854,127.0.0.1,GET,http://127.0.0.1:8000/admin/album,2,10001
"2025-07-30 22:09:34",8.98,319.71,87f3c1,127.0.0.1,GET,http://127.0.0.1:8000/admin/album,2,10001
"2025-07-30 22:09:33",11.05,321.83,c6ff36,127.0.0.1,GET,http://127.0.0.1:8000/admin/album,2,10001
"2025-07-30 22:09:33",10.90,319.44,04d773,127.0.0.1,GET,http://127.0.0.1:8000/admin/album,2,10001
"2025-07-30 22:09:33",10.45,321.20,f08ecd,127.0.0.1,GET,http://127.0.0.1:8000/admin/album,2,10001
"2025-07-30 22:09:32",8.36,315.86,f831aa,127.0.0.1,GET,http://127.0.0.1:8000/admin/album,2,10001
"2025-07-30 22:09:32",7.56,314.89,7c771d,127.0.0.1,GET,http://127.0.0.1:8000/admin/album,2,10001
"2025-07-30 22:09:32",9.34,319.65,4eddf9,127.0.0.1,GET,http://127.0.0.1:8000/admin/album,2,10001
"2025-07-30 22:09:31",9.70,319.59,4c9b03,127.0.0.1,GET,http://127.0.0.1:8000/admin/album,2,10001
"2025-07-30 22:09:31",9.45,321.84,1f8ab1,127.0.0.1,GET,http://127.0.0.1:8000/admin/album,2,10001
"2025-07-30 22:09:31",11.99,322.33,632485,127.0.0.1,GET,http://127.0.0.1:8000/admin/album,2,10001
"2025-07-30 22:09:30",8.43,319.99,f4fc98,127.0.0.1,GET,http://127.0.0.1:8000/admin/album,2,10001
"2025-07-30 22:09:30",9.26,318.60,cbcbff,127.0.0.1,GET,http://127.0.0.1:8000/admin/album,2,10001
"2025-07-30 22:09:30",10.20,322.15,e21693,127.0.0.1,GET,http://127.0.0.1:8000/admin/album,2,10001
"2025-07-30 22:09:29",9.95,320.21,62a44f,127.0.0.1,GET,http://127.0.0.1:8000/admin/album,2,10001
"2025-07-30 22:09:29",9.44,319.46,48de4b,127.0.0.1,GET,http://127.0.0.1:8000/admin/album,2,10001
"2025-07-30 22:09:28",10.64,318.13,2bcc10,127.0.0.1,GET,http://127.0.0.1:8000/admin/album,2,10001
"2025-07-30 22:09:28",7.58,318.11,167eb4,127.0.0.1,GET,http://127.0.0.1:8000/admin/album,2,10001
"2025-07-30 22:09:28",12.44,320.07,dbd522,127.0.0.1,GET,http://127.0.0.1:8000/admin/album,2,10001
"2025-07-30 22:09:27",9.54,319.32,0ff00a,127.0.0.1,GET,http://127.0.0.1:8000/admin/album,2,10001
"2025-07-30 22:09:27",10.02,320.84,d85b14,127.0.0.1,GET,http://127.0.0.1:8000/admin/album,2,10001
"2025-07-30 22:09:27",9.70,318.65,0c58c7,127.0.0.1,GET,http://127.0.0.1:8000/admin/album,2,10001
"2025-07-30 22:09:26",12.55,322.29,68beee,127.0.0.1,GET,http://127.0.0.1:8000/admin/album,2,10001
"2025-07-30 22:09:26",10.17,320.16,471f3e,127.0.0.1,GET,http://127.0.0.1:8000/admin/album,2,10001
"2025-07-30 22:09:26",9.85,321.03,435e88,127.0.0.1,GET,http://127.0.0.1:8000/admin/album,2,10001
"2025-07-30 22:09:25",9.28,318.71,854aa7,127.0.0.1,GET,http://127.0.0.1:8000/admin/album,2,10001
"2025-07-30 22:09:25",9.38,322.82,f2f511,127.0.0.1,GET,http://127.0.0.1:8000/admin/album,2,10001
"2025-07-30 22:09:25",10.78,320.10,cd7466,127.0.0.1,GET,http://127.0.0.1:8000/admin/album,2,10001
"2025-07-30 22:09:24",9.24,318.31,f562d5,127.0.0.1,GET,http://127.0.0.1:8000/admin/album,2,10001
"2025-07-30 22:09:24",10.84,318.57,633085,127.0.0.1,GET,http://127.0.0.1:8000/admin/album,2,10001
"2025-07-30 22:09:24",11.91,323.49,7f0bd8,127.0.0.1,GET,http://127.0.0.1:8000/admin/album,2,10001
"2025-07-30 22:09:23",9.55,321.49,a9913f,127.0.0.1,GET,http://127.0.0.1:8000/admin/album,2,10001
"2025-07-30 22:09:23",11.95,321.63,004c6e,127.0.0.1,GET,http://127.0.0.1:8000/admin/album,2,10001
"2025-07-30 22:09:23",7.72,317.49,f1a2d9,127.0.0.1,GET,http://127.0.0.1:8000/admin/album,2,10001
"2025-07-30 22:09:22",10.65,320.17,f6b5e0,127.0.0.1,GET,http://127.0.0.1:8000/admin/album,2,10001
"2025-07-30 22:09:22",14.09,326.70,87b3e6,127.0.0.1,GET,http://127.0.0.1:8000/admin/album,2,10001
"2025-07-30 22:09:22",9.44,319.79,5fa5e4,127.0.0.1,GET,http://127.0.0.1:8000/admin/album,2,10001
"2025-07-30 22:09:21",9.34,320.83,30b61b,127.0.0.1,GET,http://127.0.0.1:8000/admin/album,2,10001
"2025-07-30 22:09:21",9.85,319.26,e738f7,127.0.0.1,GET,http://127.0.0.1:8000/admin/album,2,10001
"2025-07-30 22:09:21",11.47,320.49,7a75e1,127.0.0.1,GET,http://127.0.0.1:8000/admin/album,2,10001
"2025-07-30 22:09:20",10.79,321.11,ad6b3f,127.0.0.1,GET,http://127.0.0.1:8000/admin/album,2,10001
"2025-07-30 22:09:20",7.44,315.84,15ffc0,127.0.0.1,GET,http://127.0.0.1:8000/admin/album,2,10001
"2025-07-30 22:09:20",9.51,317.65,9bbb16,127.0.0.1,GET,http://127.0.0.1:8000/admin/album,2,10001
"2025-07-30 22:09:19",12.40,320.69,b1e901,127.0.0.1,GET,http://127.0.0.1:8000/admin/album,2,10001
"2025-07-30 22:09:19",8.27,321.90,de1c11,127.0.0.1,GET,http://127.0.0.1:8000/admin/album,2,10001
"2025-07-30 22:09:19",5.15,312.17,9532ac,127.0.0.1,GET,http://127.0.0.1:8000/admin/album,2,10001
"2025-07-30 22:09:18",8.39,319.22,70acb9,127.0.0.1,GET,http://127.0.0.1:8000/admin/album,2,10001
"2025-07-30 22:09:18",9.39,318.65,97cbca,127.0.0.1,GET,http://127.0.0.1:8000/admin/album,2,10001
"2025-07-30 22:09:18",9.84,317.91,2eaa90,127.0.0.1,GET,http://127.0.0.1:8000/admin/album,2,10001
"2025-07-30 22:09:17",5.65,313.86,5eabef,127.0.0.1,GET,http://127.0.0.1:8000/admin/album,2,10001
"2025-07-30 22:09:17",6.85,313.91,4d991f,127.0.0.1,GET,http://127.0.0.1:8000/admin/album,2,10001
"2025-07-30 22:09:17",10.65,322.71,3c024f,127.0.0.1,GET,http://127.0.0.1:8000/admin/album,2,10001
"2025-07-30 22:09:16",9.94,317.86,74a860,127.0.0.1,GET,http://127.0.0.1:8000/admin/album,2,10001
"2025-07-30 22:09:16",12.28,324.08,ba147e,127.0.0.1,GET,http://127.0.0.1:8000/admin/album,2,10001
"2025-07-30 22:09:16",7.43,316.08,33dd2f,127.0.0.1,GET,http://127.0.0.1:8000/admin/album,2,10001
"2025-07-30 22:09:15",11.82,321.83,ad1e89,127.0.0.1,GET,http://127.0.0.1:8000/admin/album,2,10001
"2025-07-30 22:09:15",12.50,321.55,8e742d,127.0.0.1,GET,http://127.0.0.1:8000/admin/album,2,10001
"2025-07-30 22:09:15",10.37,321.61,98a75a,127.0.0.1,GET,http://127.0.0.1:8000/admin/album,2,10001
"2025-07-30 22:09:14",10.76,321.65,319a3d,127.0.0.1,GET,http://127.0.0.1:8000/admin/album,2,10001
"2025-07-30 22:09:14",8.28,317.43,1f1e9a,127.0.0.1,GET,http://127.0.0.1:8000/admin/album,2,10001
"2025-07-30 22:09:14",9.01,319.20,07efc2,127.0.0.1,GET,http://127.0.0.1:8000/admin/album,2,10001
"2025-07-30 22:09:13",9.58,322.90,90a402,127.0.0.1,GET,http://127.0.0.1:8000/admin/album,2,10001
"2025-07-30 22:09:13",11.45,322.33,74e2b1,127.0.0.1,GET,http://127.0.0.1:8000/admin/album,2,10001
"2025-07-30 22:09:12",9.33,317.88,580e81,127.0.0.1,GET,http://127.0.0.1:8000/admin/album,2,10001
"2025-07-30 22:09:12",11.28,323.08,1a56fc,127.0.0.1,GET,http://127.0.0.1:8000/admin/album,2,10001
"2025-07-30 22:09:12",8.45,316.60,467f0a,127.0.0.1,GET,http://127.0.0.1:8000/admin/album,2,10001
"2025-07-30 22:09:11",9.37,317.37,58fd65,127.0.0.1,GET,http://127.0.0.1:8000/admin/album,2,10001
"2025-07-30 22:09:11",12.42,321.67,c02be6,127.0.0.1,GET,http://127.0.0.1:8000/admin/album,2,10001
"2025-07-30 22:09:11",9.53,317.62,dab3f6,127.0.0.1,GET,http://127.0.0.1:8000/admin/album,2,10001
"2025-07-30 22:09:10",10.69,322.08,2209e2,127.0.0.1,GET,http://127.0.0.1:8000/admin/album,2,10001
"2025-07-30 22:09:10",12.70,324.89,94dcc6,127.0.0.1,GET,http://127.0.0.1:8000/admin/album,2,10001
"2025-07-30 22:09:10",10.46,319.86,59af53,127.0.0.1,GET,http://127.0.0.1:8000/admin/album,2,10001
"2025-07-30 22:09:09",10.65,322.61,49c7ca,127.0.0.1,GET,http://127.0.0.1:8000/admin/album,2,10001
"2025-07-30 22:09:09",10.26,318.09,2dcff2,127.0.0.1,GET,http://127.0.0.1:8000/admin/album,2,10001
"2025-07-30 22:09:09",10.53,319.11,c2fd39,127.0.0.1,GET,http://127.0.0.1:8000/admin/album,2,10001
"2025-07-30 22:09:08",11.85,319.36,aa3a7f,127.0.0.1,GET,http://127.0.0.1:8000/admin/album,2,10001
"2025-07-30 22:09:08",12.13,326.91,ac0ef4,127.0.0.1,GET,http://127.0.0.1:8000/admin/album,2,10001
"2025-07-30 22:09:08",11.05,319.92,b8551c,127.0.0.1,GET,http://127.0.0.1:8000/admin/album,2,10001
"2025-07-30 22:09:07",11.41,319.40,a3cff1,127.0.0.1,GET,http://127.0.0.1:8000/admin/album,2,10001
"2025-07-30 22:09:07",8.25,322.01,c8d7be,127.0.0.1,GET,http://127.0.0.1:8000/admin/album,2,10001
"2025-07-30 22:09:07",6.48,316.29,8719f1,127.0.0.1,GET,http://127.0.0.1:8000/admin/album,2,10001
"2025-07-30 22:09:06",11.64,320.43,aa6dcf,127.0.0.1,GET,http://127.0.0.1:8000/admin/album,2,10001
"2025-07-30 22:09:06",9.75,317.54,62eac4,127.0.0.1,GET,http://127.0.0.1:8000/admin/album,2,10001
"2025-07-30 22:09:06",9.32,319.17,84d5d3,127.0.0.1,GET,http://127.0.0.1:8000/admin/album,2,10001
"2025-07-30 22:09:05",11.86,320.41,816c0a,127.0.0.1,GET,http://127.0.0.1:8000/admin/album,2,10001
"2025-07-30 22:09:05",9.28,316.89,eea6ba,127.0.0.1,GET,http://127.0.0.1:8000/admin/album,2,10001
"2025-07-30 22:09:05",9.56,319.60,fc5173,127.0.0.1,GET,http://127.0.0.1:8000/admin/album,2,10001
"2025-07-30 22:09:04",11.81,321.11,3f5c4b,127.0.0.1,GET,http://127.0.0.1:8000/admin/album,2,10001
"2025-07-30 22:09:04",8.47,321.40,92a484,127.0.0.1,GET,http://127.0.0.1:8000/admin/album,2,10001
"2025-07-30 22:09:04",11.16,320.81,45be84,127.0.0.1,GET,http://127.0.0.1:8000/admin/album,2,10001
"2025-07-30 22:09:03",12.61,323.72,54ce8a,127.0.0.1,GET,http://127.0.0.1:8000/admin/album,2,10001
"2025-07-30 22:09:03",9.15,317.57,7cfc3a,127.0.0.1,GET,http://127.0.0.1:8000/admin/album,2,10001
"2025-07-30 22:09:03",7.69,318.60,bd0f21,127.0.0.1,GET,http://127.0.0.1:8000/admin/album,2,10001
"2025-07-30 22:09:02",8.28,318.22,3a208b,127.0.0.1,GET,http://127.0.0.1:8000/admin/album,2,10001
"2025-07-30 22:09:02",11.44,322.48,abd001,127.0.0.1,GET,http://127.0.0.1:8000/admin/album,2,10001
"2025-07-30 22:09:02",8.81,319.66,27ee0e,127.0.0.1,GET,http://127.0.0.1:8000/admin/album,2,10001
"2025-07-30 22:09:01",9.53,318.23,2c2018,127.0.0.1,GET,http://127.0.0.1:8000/admin/album,2,10001
"2025-07-30 22:09:01",9.65,323.09,192520,127.0.0.1,GET,http://127.0.0.1:8000/admin/album,2,10001
"2025-07-30 22:09:01",8.20,318.43,2bc1f9,127.0.0.1,GET,http://127.0.0.1:8000/admin/album,2,10001
"2025-07-30 22:09:00",9.28,318.24,94ece5,127.0.0.1,GET,http://127.0.0.1:8000/admin/album,2,10001
"2025-07-30 22:09:00",9.41,318.86,67252e,127.0.0.1,GET,http://127.0.0.1:8000/admin/album,2,10001
"2025-07-30 22:09:00",10.02,319.69,7e6090,127.0.0.1,GET,http://127.0.0.1:8000/admin/album,2,10001
"2025-07-30 22:08:59",11.07,322.04,43101c,127.0.0.1,GET,http://127.0.0.1:8000/admin/album,2,10001
"2025-07-30 22:08:59",7.34,318.21,948399,127.0.0.1,GET,http://127.0.0.1:8000/admin/album,2,10001
"2025-07-30 22:08:58",8.27,316.50,c84e7a,127.0.0.1,GET,http://127.0.0.1:8000/admin/album,2,10001
"2025-07-30 22:08:58",10.68,322.97,0e7afb,127.0.0.1,GET,http://127.0.0.1:8000/admin/album,2,10001
"2025-07-30 22:08:58",12.35,321.77,95132b,127.0.0.1,GET,http://127.0.0.1:8000/admin/album,2,10001
"2025-07-30 22:08:57",7.76,316.72,e8c58e,127.0.0.1,GET,http://127.0.0.1:8000/admin/album,2,10001
"2025-07-30 22:08:57",10.33,322.04,908e92,127.0.0.1,GET,http://127.0.0.1:8000/admin/album,2,10001
"2025-07-30 22:08:57",11.85,322.67,6dc04b,127.0.0.1,GET,http://127.0.0.1:8000/admin/album,2,10001
"2025-07-30 22:08:56",6.07,314.11,51795b,127.0.0.1,GET,http://127.0.0.1:8000/admin/album,2,10001
"2025-07-30 22:08:56",11.60,323.25,943e11,127.0.0.1,GET,http://127.0.0.1:8000/admin/album,2,10001
"2025-07-30 22:08:56",12.61,323.43,fecc48,127.0.0.1,GET,http://127.0.0.1:8000/admin/album,2,10001
"2025-07-30 22:08:55",9.64,317.17,3d1e19,127.0.0.1,GET,http://127.0.0.1:8000/admin/album,2,10001
"2025-07-30 22:08:55",6.08,318.52,b62f01,127.0.0.1,GET,http://127.0.0.1:8000/admin/album,2,10001
"2025-07-30 22:08:55",7.30,316.24,861f56,127.0.0.1,GET,http://127.0.0.1:8000/admin/album,2,10001
"2025-07-30 22:08:54",11.84,319.84,31e13a,127.0.0.1,GET,http://127.0.0.1:8000/admin/album,2,10001
"2025-07-30 22:08:54",11.25,321.18,b8615f,127.0.0.1,GET,http://127.0.0.1:8000/admin/album,2,10001
"2025-07-30 22:08:54",10.90,320.70,d11e7c,127.0.0.1,GET,http://127.0.0.1:8000/admin/album,2,10001
"2025-07-30 22:08:53",10.11,320.30,587500,127.0.0.1,GET,http://127.0.0.1:8000/admin/album,2,10001
"2025-07-30 22:08:53",9.91,319.80,d2bacf,127.0.0.1,GET,http://127.0.0.1:8000/admin/album,2,10001
"2025-07-30 22:08:53",9.71,317.40,99ea63,127.0.0.1,GET,http://127.0.0.1:8000/admin/album,2,10001
"2025-07-30 22:08:52",9.79,319.55,fd2acb,127.0.0.1,GET,http://127.0.0.1:8000/admin/album,2,10001
"2025-07-30 22:08:52",4.92,318.92,252af4,127.0.0.1,GET,http://127.0.0.1:8000/admin/album,2,10001
"2025-07-30 22:08:52",9.23,318.18,419968,127.0.0.1,GET,http://127.0.0.1:8000/admin/album,2,10001
"2025-07-30 22:08:51",8.84,319.20,a66dc2,127.0.0.1,GET,http://127.0.0.1:8000/admin/album,2,10001
"2025-07-30 22:08:51",9.37,318.45,9a759c,127.0.0.1,GET,http://127.0.0.1:8000/admin/album,2,10001
"2025-07-30 22:08:51",7.60,315.99,5f0ee6,127.0.0.1,GET,http://127.0.0.1:8000/admin/album,2,10001
"2025-07-30 22:08:50",10.60,320.04,0da05e,127.0.0.1,GET,http://127.0.0.1:8000/admin/album,2,10001
"2025-07-30 22:08:50",9.13,318.83,88ab95,127.0.0.1,GET,http://127.0.0.1:8000/admin/album,2,10001
"2025-07-30 22:08:50",9.51,317.31,d242d4,127.0.0.1,GET,http://127.0.0.1:8000/admin/album,2,10001
"2025-07-30 22:08:49",7.51,315.95,9d1bc2,127.0.0.1,GET,http://127.0.0.1:8000/admin/album,2,10001
"2025-07-30 22:08:49",12.34,325.80,a01ba3,127.0.0.1,GET,http://127.0.0.1:8000/admin/album,2,10001
"2025-07-30 22:08:49",9.49,318.69,5204af,127.0.0.1,GET,http://127.0.0.1:8000/admin/album,2,10001
"2025-07-30 22:08:48",10.00,320.44,f1320c,127.0.0.1,GET,http://127.0.0.1:8000/admin/album,2,10001
"2025-07-30 22:08:48",9.82,317.26,2886e4,127.0.0.1,GET,http://127.0.0.1:8000/admin/album,2,10001
"2025-07-30 22:08:48",10.54,320.48,f53cb2,127.0.0.1,GET,http://127.0.0.1:8000/admin/album,2,10001
"2025-07-30 22:08:47",9.91,318.13,bdfd12,127.0.0.1,GET,http://127.0.0.1:8000/admin/album,2,10001
"2025-07-30 22:08:47",13.18,324.67,4425df,127.0.0.1,GET,http://127.0.0.1:8000/admin/album,2,10001
"2025-07-30 22:08:47",10.30,320.40,f46171,127.0.0.1,GET,http://127.0.0.1:8000/admin/album,2,10001
"2025-07-30 22:08:46",9.38,316.73,549074,127.0.0.1,GET,http://127.0.0.1:8000/admin/album,2,10001
"2025-07-30 22:08:46",12.46,326.99,bff418,127.0.0.1,GET,http://127.0.0.1:8000/admin/album,2,10001
"2025-07-30 22:08:46",9.24,317.01,abd077,127.0.0.1,GET,http://127.0.0.1:8000/admin/album,2,10001
"2025-07-30 22:08:45",9.76,320.16,e24007,127.0.0.1,GET,http://127.0.0.1:8000/admin/album,2,10001
"2025-07-30 22:08:45",11.98,322.11,2f366c,127.0.0.1,GET,http://127.0.0.1:8000/admin/album,2,10001
"2025-07-30 22:08:45",11.22,320.64,b3bf56,127.0.0.1,GET,http://127.0.0.1:8000/admin/album,2,10001
"2025-07-30 22:08:44",11.66,322.84,8fe7e8,127.0.0.1,GET,http://127.0.0.1:8000/admin/album,2,10001
"2025-07-30 22:08:44",9.51,320.16,5510be,127.0.0.1,GET,http://127.0.0.1:8000/admin/album,2,10001
"2025-07-30 22:08:43",9.40,316.98,ae176d,127.0.0.1,GET,http://127.0.0.1:8000/admin/album,2,10001
"2025-07-30 22:08:43",7.30,316.31,f3a13c,127.0.0.1,GET,http://127.0.0.1:8000/admin/album,2,10001
"2025-07-30 22:08:43",8.55,317.18,db36de,127.0.0.1,GET,http://127.0.0.1:8000/admin/album,2,10001
"2025-07-30 22:08:42",11.92,322.47,0a4849,127.0.0.1,GET,http://127.0.0.1:8000/admin/album,2,10001
"2025-07-30 22:08:42",11.05,321.11,d0c217,127.0.0.1,GET,http://127.0.0.1:8000/admin/album,2,10001
"2025-07-30 22:08:42",7.62,320.19,34489a,127.0.0.1,GET,http://127.0.0.1:8000/admin/album,2,10001
"2025-07-30 22:08:41",7.70,315.94,13a927,127.0.0.1,GET,http://127.0.0.1:8000/admin/album,2,10001
"2025-07-30 22:08:41",9.36,320.09,a0a590,127.0.0.1,GET,http://127.0.0.1:8000/admin/album,2,10001
"2025-07-30 22:08:41",10.38,320.00,717a46,127.0.0.1,GET,http://127.0.0.1:8000/admin/album,2,10001
"2025-07-30 22:08:40",10.63,320.13,8ce375,127.0.0.1,GET,http://127.0.0.1:8000/admin/album,2,10001
"2025-07-30 22:08:40",10.33,320.37,a7aa5a,127.0.0.1,GET,http://127.0.0.1:8000/admin/album,2,10001
"2025-07-30 22:08:40",8.68,317.72,00cddd,127.0.0.1,GET,http://127.0.0.1:8000/admin/album,2,10001
"2025-07-30 22:08:39",7.48,315.39,19a485,127.0.0.1,GET,http://127.0.0.1:8000/admin/album,2,10001
"2025-07-30 22:08:39",12.48,321.94,0a9053,127.0.0.1,GET,http://127.0.0.1:8000/admin/album,2,10001
"2025-07-30 22:08:39",8.70,317.93,c55c54,127.0.0.1,GET,http://127.0.0.1:8000/admin/album,2,10001
"2025-07-30 22:08:38",11.01,318.96,2009f3,127.0.0.1,GET,http://127.0.0.1:8000/admin/album,2,10001
"2025-07-30 22:08:38",7.69,318.76,a68314,127.0.0.1,GET,http://127.0.0.1:8000/admin/album,2,10001
"2025-07-30 22:08:38",9.80,318.51,b067a3,127.0.0.1,GET,http://127.0.0.1:8000/admin/album,2,10001
"2025-07-30 22:08:37",9.64,319.51,432ba1,127.0.0.1,GET,http://127.0.0.1:8000/admin/album,2,10001
"2025-07-30 22:08:37",11.97,324.26,143369,127.0.0.1,GET,http://127.0.0.1:8000/admin/album,2,10001
"2025-07-30 22:08:37",10.00,319.20,b9a9d0,127.0.0.1,GET,http://127.0.0.1:8000/admin/album,2,10001
"2025-07-30 22:08:36",10.31,321.22,ade58b,127.0.0.1,GET,http://127.0.0.1:8000/admin/album,2,10001
"2025-07-30 22:08:36",9.42,319.68,13a99b,127.0.0.1,GET,http://127.0.0.1:8000/admin/album,2,10001
"2025-07-30 22:08:36",10.02,317.32,13f9df,127.0.0.1,GET,http://127.0.0.1:8000/admin/album,2,10001
"2025-07-30 22:08:35",11.13,319.83,dcd9c3,127.0.0.1,GET,http://127.0.0.1:8000/admin/album,2,10001
"2025-07-30 22:08:35",8.49,319.47,2de79f,127.0.0.1,GET,http://127.0.0.1:8000/admin/album,2,10001
"2025-07-30 22:08:35",9.49,320.53,301cbc,127.0.0.1,GET,http://127.0.0.1:8000/admin/album,2,10001
"2025-07-30 22:08:34",11.75,320.79,a273c4,127.0.0.1,GET,http://127.0.0.1:8000/admin/album,2,10001
"2025-07-30 22:08:34",11.10,323.86,d29c9c,127.0.0.1,GET,http://127.0.0.1:8000/admin/album,2,10001
"2025-07-30 22:08:34",8.34,318.09,7b54b1,127.0.0.1,GET,http://127.0.0.1:8000/admin/album,2,10001
"2025-07-30 22:08:33",12.96,322.23,b924a0,127.0.0.1,GET,http://127.0.0.1:8000/admin/album,2,10001
"2025-07-30 22:08:33",9.63,326.76,2f5c8e,127.0.0.1,GET,http://127.0.0.1:8000/admin/album,2,10001
"2025-07-30 22:08:33",8.54,320.74,b8c798,127.0.0.1,GET,http://127.0.0.1:8000/admin/album,2,10001
"2025-07-30 22:08:32",9.67,318.61,524050,127.0.0.1,GET,http://127.0.0.1:8000/admin/album,2,10001
"2025-07-30 22:08:32",11.35,321.15,d61146,127.0.0.1,GET,http://127.0.0.1:8000/admin/album,2,10001
"2025-07-30 22:08:32",9.66,321.12,51ff6c,127.0.0.1,GET,http://127.0.0.1:8000/admin/album,2,10001
"2025-07-30 22:08:31",10.29,319.48,3bdcbe,127.0.0.1,GET,http://127.0.0.1:8000/admin/album,2,10001
"2025-07-30 22:08:31",12.64,323.72,2337be,127.0.0.1,GET,http://127.0.0.1:8000/admin/album,2,10001
"2025-07-30 22:08:31",8.24,318.76,1d3be2,127.0.0.1,GET,http://127.0.0.1:8000/admin/album,2,10001
"2025-07-30 22:08:30",6.05,314.41,a029af,127.0.0.1,GET,http://127.0.0.1:8000/admin/album,2,10001
"2025-07-30 22:08:30",7.60,317.80,047e60,127.0.0.1,GET,http://127.0.0.1:8000/admin/album,2,10001
"2025-07-30 22:08:30",7.80,317.51,788330,127.0.0.1,GET,http://127.0.0.1:8000/admin/album,2,10001
"2025-07-30 22:08:29",9.62,319.75,61d032,127.0.0.1,GET,http://127.0.0.1:8000/admin/album,2,10001
"2025-07-30 22:08:29",12.62,320.15,e31ad2,127.0.0.1,GET,http://127.0.0.1:8000/admin/album,2,10001
"2025-07-30 22:08:29",11.56,322.21,7cb7f0,127.0.0.1,GET,http://127.0.0.1:8000/admin/album,2,10001
"2025-07-30 22:08:28",11.40,322.73,0a4bdc,127.0.0.1,GET,http://127.0.0.1:8000/admin/album,2,10001
"2025-07-30 22:08:28",10.28,321.02,1d403d,127.0.0.1,GET,http://127.0.0.1:8000/admin/album,2,10001
"2025-07-30 22:08:27",10.08,318.82,26d574,127.0.0.1,GET,http://127.0.0.1:8000/admin/album,2,10001
"2025-07-30 22:08:27",11.73,321.65,c3fe84,127.0.0.1,GET,http://127.0.0.1:8000/admin/album,2,10001
"2025-07-30 22:08:27",11.83,324.63,c938bf,127.0.0.1,GET,http://127.0.0.1:8000/admin/album,2,10001
"2025-07-30 22:08:26",11.11,321.68,961afc,127.0.0.1,GET,http://127.0.0.1:8000/admin/album,2,10001
"2025-07-30 22:08:26",9.39,317.18,50fdb7,127.0.0.1,GET,http://127.0.0.1:8000/admin/album,2,10001
"2025-07-30 22:08:26",9.24,319.02,162988,127.0.0.1,GET,http://127.0.0.1:8000/admin/album,2,10001
"2025-07-30 22:08:25",11.76,323.01,201537,127.0.0.1,GET,http://127.0.0.1:8000/admin/album,2,10001
"2025-07-30 22:08:25",10.32,322.01,7cd03b,127.0.0.1,GET,http://127.0.0.1:8000/admin/album,2,10001
"2025-07-30 22:08:25",9.30,319.21,f58532,127.0.0.1,GET,http://127.0.0.1:8000/admin/album,2,10001
"2025-07-30 22:08:24",10.22,320.21,a72e51,127.0.0.1,GET,http://127.0.0.1:8000/admin/album,2,10001
"2025-07-30 22:08:24",10.58,323.63,2e65c1,127.0.0.1,GET,http://127.0.0.1:8000/admin/album,2,10001
"2025-07-30 22:08:24",9.69,318.89,fe9924,127.0.0.1,GET,http://127.0.0.1:8000/admin/album,2,10001
"2025-07-30 22:08:23",9.57,319.02,2f28ca,127.0.0.1,GET,http://127.0.0.1:8000/admin/album,2,10001
"2025-07-30 22:08:23",7.50,315.37,8f3f51,127.0.0.1,GET,http://127.0.0.1:8000/admin/album,2,10001
"2025-07-30 22:08:23",9.04,319.23,42438c,127.0.0.1,GET,http://127.0.0.1:8000/admin/album,2,10001
"2025-07-30 22:08:22",10.60,321.22,a1f6d8,127.0.0.1,GET,http://127.0.0.1:8000/admin/album,2,10001
"2025-07-30 22:08:22",10.14,323.54,1b12df,127.0.0.1,GET,http://127.0.0.1:8000/admin/album,2,10001
"2025-07-30 22:08:22",9.27,320.44,ef485f,127.0.0.1,GET,http://127.0.0.1:8000/admin/album,2,10001
"2025-07-30 22:08:21",9.96,322.27,6e1f5a,127.0.0.1,GET,http://127.0.0.1:8000/admin/album,2,10001
"2025-07-30 22:08:21",9.48,319.11,5aabc4,127.0.0.1,GET,http://127.0.0.1:8000/admin/album,2,10001
"2025-07-30 22:08:21",9.37,318.43,d5cc24,127.0.0.1,GET,http://127.0.0.1:8000/admin/album,2,10001
"2025-07-30 22:08:20",10.46,321.32,055a54,127.0.0.1,GET,http://127.0.0.1:8000/admin/album,2,10001
"2025-07-30 22:08:20",10.75,320.13,547c01,127.0.0.1,GET,http://127.0.0.1:8000/admin/album,2,10001
"2025-07-30 22:08:20",11.63,319.06,223229,127.0.0.1,GET,http://127.0.0.1:8000/admin/album,2,10001
"2025-07-30 22:08:19",9.52,319.30,994bec,127.0.0.1,GET,http://127.0.0.1:8000/admin/album,2,10001
"2025-07-30 22:08:19",12.09,324.88,28da02,127.0.0.1,GET,http://127.0.0.1:8000/admin/album,2,10001
"2025-07-30 22:08:19",10.35,319.10,29ab6e,127.0.0.1,GET,http://127.0.0.1:8000/admin/album,2,10001
"2025-07-30 22:08:18",11.64,323.23,119a29,127.0.0.1,GET,http://127.0.0.1:8000/admin/album,2,10001
"2025-07-30 22:08:18",10.87,321.65,bf85d0,127.0.0.1,GET,http://127.0.0.1:8000/admin/album,2,10001
"2025-07-30 22:08:18",9.58,318.63,872a5f,127.0.0.1,GET,http://127.0.0.1:8000/admin/album,2,10001
"2025-07-30 22:08:17",9.29,319.15,f4e5f2,127.0.0.1,GET,http://127.0.0.1:8000/admin/album,2,10001
"2025-07-30 22:08:17",9.32,319.39,d2c93e,127.0.0.1,GET,http://127.0.0.1:8000/admin/album,2,10001
"2025-07-30 22:08:17",9.26,320.89,2313d4,127.0.0.1,GET,http://127.0.0.1:8000/admin/album,2,10001
"2025-07-30 22:08:16",6.84,315.48,4ebf5b,127.0.0.1,GET,http://127.0.0.1:8000/admin/album,2,10001
"2025-07-30 22:08:16",10.98,320.06,44b3ad,127.0.0.1,GET,http://127.0.0.1:8000/admin/album,2,10001
"2025-07-30 22:08:16",8.05,319.25,831171,127.0.0.1,GET,http://127.0.0.1:8000/admin/album,2,10001
"2025-07-30 22:08:15",11.20,320.79,568dcd,127.0.0.1,GET,http://127.0.0.1:8000/admin/album,2,10001
"2025-07-30 22:08:15",9.30,319.15,906322,127.0.0.1,GET,http://127.0.0.1:8000/admin/album,2,10001
"2025-07-30 22:08:15",9.45,318.74,a8f1c8,127.0.0.1,GET,http://127.0.0.1:8000/admin/album,2,10001
"2025-07-30 22:08:14",11.75,321.29,0f749b,127.0.0.1,GET,http://127.0.0.1:8000/admin/album,2,10001
"2025-07-30 22:08:14",9.24,318.95,8743e4,127.0.0.1,GET,http://127.0.0.1:8000/admin/album,2,10001
"2025-07-30 22:08:13",10.19,320.27,451bea,127.0.0.1,GET,http://127.0.0.1:8000/admin/album,2,10001
"2025-07-30 22:08:13",12.78,325.72,84608c,127.0.0.1,GET,http://127.0.0.1:8000/admin/album,2,10001
"2025-07-30 22:08:13",10.33,319.19,8e7f68,127.0.0.1,GET,http://127.0.0.1:8000/admin/album,2,10001
"2025-07-30 22:08:12",9.04,317.02,bbf8a9,127.0.0.1,GET,http://127.0.0.1:8000/admin/album,2,10001
"2025-07-30 22:08:12",12.03,320.33,22cb35,127.0.0.1,GET,http://127.0.0.1:8000/admin/album,2,10001
"2025-07-30 22:08:12",7.77,317.33,b997f6,127.0.0.1,GET,http://127.0.0.1:8000/admin/album,2,10001
"2025-07-30 22:08:11",11.74,322.87,33898b,127.0.0.1,GET,http://127.0.0.1:8000/admin/album,2,10001
"2025-07-30 22:08:11",11.62,319.68,4d0b26,127.0.0.1,GET,http://127.0.0.1:8000/admin/album,2,10001
"2025-07-30 22:08:11",8.84,316.82,9e710f,127.0.0.1,GET,http://127.0.0.1:8000/admin/album,2,10001
"2025-07-30 22:08:10",8.44,320.95,c5f268,127.0.0.1,GET,http://127.0.0.1:8000/admin/album,2,10001
"2025-07-30 22:08:10",8.49,321.24,185d4b,127.0.0.1,GET,http://127.0.0.1:8000/admin/album,2,10001
"2025-07-30 22:08:10",9.27,318.61,518149,127.0.0.1,GET,http://127.0.0.1:8000/admin/album,2,10001
"2025-07-30 22:08:09",10.16,318.30,6a6857,127.0.0.1,GET,http://127.0.0.1:8000/admin/album,2,10001
"2025-07-30 22:08:09",7.76,317.70,91f9ea,127.0.0.1,GET,http://127.0.0.1:8000/admin/album,2,10001
"2025-07-30 22:08:09",9.29,317.48,406096,127.0.0.1,GET,http://127.0.0.1:8000/admin/album,2,10001
"2025-07-30 22:08:08",9.71,319.87,be6a9e,127.0.0.1,GET,http://127.0.0.1:8000/admin/album,2,10001
"2025-07-30 22:08:08",9.54,317.77,fb13cf,127.0.0.1,GET,http://127.0.0.1:8000/admin/album,2,10001
"2025-07-30 22:08:08",9.19,317.93,38be9d,127.0.0.1,GET,http://127.0.0.1:8000/admin/album,2,10001
"2025-07-30 22:08:07",9.07,317.42,b0162d,127.0.0.1,GET,http://127.0.0.1:8000/admin/album,2,10001
"2025-07-30 22:08:07",7.23,317.63,cb488a,127.0.0.1,GET,http://127.0.0.1:8000/admin/album,2,10001
"2025-07-30 22:08:07",10.14,321.14,a67781,127.0.0.1,GET,http://127.0.0.1:8000/admin/album,2,10001
"2025-07-30 22:08:06",9.75,321.28,874a88,127.0.0.1,GET,http://127.0.0.1:8000/admin/album,2,10001
"2025-07-30 22:08:06",10.49,317.59,377611,127.0.0.1,GET,http://127.0.0.1:8000/admin/album,2,10001
"2025-07-30 22:08:06",9.31,320.40,68d980,127.0.0.1,GET,http://127.0.0.1:8000/admin/album,2,10001
"2025-07-30 22:08:05",10.39,319.65,34cee1,127.0.0.1,GET,http://127.0.0.1:8000/admin/album,2,10001
"2025-07-30 22:08:05",7.68,314.70,60468e,127.0.0.1,GET,http://127.0.0.1:8000/admin/album,2,10001
"2025-07-30 22:08:05",12.02,323.32,0a5c85,127.0.0.1,GET,http://127.0.0.1:8000/admin/album,2,10001
"2025-07-30 22:08:04",9.29,320.80,f85f19,127.0.0.1,GET,http://127.0.0.1:8000/admin/album,2,10001
"2025-07-30 22:08:04",9.23,320.96,4033d8,127.0.0.1,GET,http://127.0.0.1:8000/admin/album,2,10001
"2025-07-30 22:08:04",10.27,321.21,ad5977,127.0.0.1,GET,http://127.0.0.1:8000/admin/album,2,10001
"2025-07-30 22:08:03",12.26,321.92,f93d06,127.0.0.1,GET,http://127.0.0.1:8000/admin/album,2,10001
"2025-07-30 22:08:03",11.66,321.78,fd7d03,127.0.0.1,GET,http://127.0.0.1:8000/admin/album,2,10001
"2025-07-30 22:08:03",8.40,319.14,792ecc,127.0.0.1,GET,http://127.0.0.1:8000/admin/album,2,10001
"2025-07-30 22:08:02",5.78,312.77,81da86,127.0.0.1,GET,http://127.0.0.1:8000/admin/album,2,10001
"2025-07-30 22:08:02",10.37,320.19,b8aa56,127.0.0.1,GET,http://127.0.0.1:8000/admin/album,2,10001
"2025-07-30 22:08:02",9.26,318.93,a7d68e,127.0.0.1,GET,http://127.0.0.1:8000/admin/album,2,10001
"2025-07-30 22:08:01",9.26,318.46,0257ac,127.0.0.1,GET,http://127.0.0.1:8000/admin/album,2,10001
"2025-07-30 22:08:01",10.23,322.35,d9bac8,127.0.0.1,GET,http://127.0.0.1:8000/admin/album,2,10001
"2025-07-30 22:08:01",12.85,320.97,e8b7c4,127.0.0.1,GET,http://127.0.0.1:8000/admin/album,2,10001
"2025-07-30 22:08:00",9.98,322.01,31798f,127.0.0.1,GET,http://127.0.0.1:8000/admin/album,2,10001
"2025-07-30 22:08:00",8.53,318.40,a3695a,127.0.0.1,GET,http://127.0.0.1:8000/admin/album,2,10001
"2025-07-30 22:07:59",9.99,318.42,9c4ad0,127.0.0.1,GET,http://127.0.0.1:8000/admin/album,2,10001
"2025-07-30 22:07:59",11.95,321.79,194281,127.0.0.1,GET,http://127.0.0.1:8000/admin/album,2,10001
"2025-07-30 22:07:59",9.62,320.88,64ffa8,127.0.0.1,GET,http://127.0.0.1:8000/admin/album,2,10001
"2025-07-30 22:07:58",10.91,320.44,6a49c2,127.0.0.1,GET,http://127.0.0.1:8000/admin/album,2,10001
"2025-07-30 22:07:58",10.81,323.25,02b133,127.0.0.1,GET,http://127.0.0.1:8000/admin/album,2,10001
"2025-07-30 22:07:58",12.48,324.56,7b4098,127.0.0.1,GET,http://127.0.0.1:8000/admin/album,2,10001
"2025-07-30 22:07:57",11.53,321.86,afc519,127.0.0.1,GET,http://127.0.0.1:8000/admin/album,2,10001
"2025-07-30 22:07:57",12.21,322.64,72ca60,127.0.0.1,GET,http://127.0.0.1:8000/admin/album,2,10001
"2025-07-30 22:07:57",9.02,319.61,1ff672,127.0.0.1,GET,http://127.0.0.1:8000/admin/album,2,10001
"2025-07-30 22:07:56",9.37,320.51,e315dc,127.0.0.1,GET,http://127.0.0.1:8000/admin/album,2,10001
"2025-07-30 22:07:56",8.42,319.50,a5c8e6,127.0.0.1,GET,http://127.0.0.1:8000/admin/album,2,10001
"2025-07-30 22:07:56",9.29,319.33,b92aa3,127.0.0.1,GET,http://127.0.0.1:8000/admin/album,2,10001
"2025-07-30 22:07:55",10.78,321.91,fd8cab,127.0.0.1,GET,http://127.0.0.1:8000/admin/album,2,10001
"2025-07-30 22:07:55",7.38,320.55,a0bb3d,127.0.0.1,GET,http://127.0.0.1:8000/admin/album,2,10001
"2025-07-30 22:07:55",7.83,316.95,d3daed,127.0.0.1,GET,http://127.0.0.1:8000/admin/album,2,10001
"2025-07-30 22:07:54",9.39,320.59,4e346b,127.0.0.1,GET,http://127.0.0.1:8000/admin/album,2,10001
"2025-07-30 22:07:54",7.38,316.06,2a109f,127.0.0.1,GET,http://127.0.0.1:8000/admin/album,2,10001
"2025-07-30 22:07:54",10.20,319.86,8dbdf9,127.0.0.1,GET,http://127.0.0.1:8000/admin/album,2,10001
"2025-07-30 22:07:53",9.25,318.55,6ae19a,127.0.0.1,GET,http://127.0.0.1:8000/admin/album,2,10001
"2025-07-30 22:07:53",10.13,319.13,805fe1,127.0.0.1,GET,http://127.0.0.1:8000/admin/album,2,10001
"2025-07-30 22:07:53",9.96,319.95,e7eb00,127.0.0.1,GET,http://127.0.0.1:8000/admin/album,2,10001
"2025-07-30 22:07:52",9.96,319.94,4391f7,127.0.0.1,GET,http://127.0.0.1:8000/admin/album,2,10001
"2025-07-30 22:07:52",10.86,322.84,85e00c,127.0.0.1,GET,http://127.0.0.1:8000/admin/album,2,10001
"2025-07-30 22:07:52",11.40,321.37,86d924,127.0.0.1,GET,http://127.0.0.1:8000/admin/album,2,10001
"2025-07-30 22:07:51",9.95,320.78,29b9e7,127.0.0.1,GET,http://127.0.0.1:8000/admin/album,2,10001
"2025-07-30 22:07:51",3.14,321.04,0f8eba,127.0.0.1,GET,http://127.0.0.1:8000/admin/album,2,10001
"2025-07-30 22:07:51",8.02,315.16,e88615,127.0.0.1,GET,http://127.0.0.1:8000/admin/album,2,10001
"2025-07-30 22:07:50",11.34,320.93,da68fc,127.0.0.1,GET,http://127.0.0.1:8000/admin/album,2,10001
"2025-07-30 22:07:50",9.45,321.02,45de02,127.0.0.1,GET,http://127.0.0.1:8000/admin/album,2,10001
"2025-07-30 22:07:50",11.24,319.96,a3aa62,127.0.0.1,GET,http://127.0.0.1:8000/admin/album,2,10001
"2025-07-30 22:07:49",9.05,316.34,59ef4b,127.0.0.1,GET,http://127.0.0.1:8000/admin/album,2,10001
"2025-07-30 22:07:49",11.14,323.38,d0ecf0,127.0.0.1,GET,http://127.0.0.1:8000/admin/album,2,10001
"2025-07-30 22:07:49",9.69,318.76,f8d03c,127.0.0.1,GET,http://127.0.0.1:8000/admin/album,2,10001
"2025-07-30 22:07:48",4.84,311.76,1dc2bf,127.0.0.1,GET,http://127.0.0.1:8000/admin/album,2,10001
"2025-07-30 22:07:48",12.03,322.20,eda48d,127.0.0.1,GET,http://127.0.0.1:8000/admin/album,2,10001
"2025-07-30 22:07:48",9.59,317.43,df19d1,127.0.0.1,GET,http://127.0.0.1:8000/admin/album,2,10001
"2025-07-30 22:07:47",10.15,319.08,9757b5,127.0.0.1,GET,http://127.0.0.1:8000/admin/album,2,10001
"2025-07-30 22:07:47",9.99,320.22,861531,127.0.0.1,GET,http://127.0.0.1:8000/admin/album,2,10001
"2025-07-30 22:07:47",10.20,319.55,0bc67c,127.0.0.1,GET,http://127.0.0.1:8000/admin/album,2,10001
"2025-07-30 22:07:46",9.21,318.47,eba0be,127.0.0.1,GET,http://127.0.0.1:8000/admin/album,2,10001
"2025-07-30 22:07:46",12.81,326.14,cade61,127.0.0.1,GET,http://127.0.0.1:8000/admin/album,2,10001
"2025-07-30 22:07:45",9.14,318.33,83aba3,127.0.0.1,GET,http://127.0.0.1:8000/admin/album,2,10001
"2025-07-30 22:07:45",7.81,316.55,135579,127.0.0.1,GET,http://127.0.0.1:8000/admin/album,2,10001
"2025-07-30 22:07:45",10.05,320.72,ff02f8,127.0.0.1,GET,http://127.0.0.1:8000/admin/album,2,10001
"2025-07-30 22:07:44",8.45,316.60,cb6d6c,127.0.0.1,GET,http://127.0.0.1:8000/admin/album,2,10001
"2025-07-30 22:07:44",9.85,318.91,b0f9e4,127.0.0.1,GET,http://127.0.0.1:8000/admin/album,2,10001
"2025-07-30 22:07:44",11.59,321.74,b62790,127.0.0.1,GET,http://127.0.0.1:8000/admin/album,2,10001
"2025-07-30 22:07:43",10.81,321.64,a43238,127.0.0.1,GET,http://127.0.0.1:8000/admin/album,2,10001
"2025-07-30 22:07:43",11.30,323.80,18dbbc,127.0.0.1,GET,http://127.0.0.1:8000/admin/album,2,10001
"2025-07-30 22:07:43",10.42,321.18,1447aa,127.0.0.1,GET,http://127.0.0.1:8000/admin/album,2,10001
"2025-07-30 22:07:42",11.92,319.22,aebe2b,127.0.0.1,GET,http://127.0.0.1:8000/admin/album,2,10001
"2025-07-30 22:07:42",8.13,316.81,6af910,127.0.0.1,GET,http://127.0.0.1:8000/admin/album,2,10001
"2025-07-30 22:07:42",9.18,318.66,5f04c3,127.0.0.1,GET,http://127.0.0.1:8000/admin/album,2,10001
"2025-07-30 22:07:41",11.18,320.97,48d264,127.0.0.1,GET,http://127.0.0.1:8000/admin/album,2,10001
"2025-07-30 22:07:41",10.31,318.92,e43d7d,127.0.0.1,GET,http://127.0.0.1:8000/admin/album,2,10001
"2025-07-30 22:07:41",10.73,319.37,6f860a,127.0.0.1,GET,http://127.0.0.1:8000/admin/album,2,10001
"2025-07-30 22:07:40",10.21,320.37,905b0d,127.0.0.1,GET,http://127.0.0.1:8000/admin/album,2,10001
"2025-07-30 22:07:40",10.93,324.21,371b57,127.0.0.1,GET,http://127.0.0.1:8000/admin/album,2,10001
"2025-07-30 22:07:40",10.58,321.37,af3de5,127.0.0.1,GET,http://127.0.0.1:8000/admin/album,2,10001
"2025-07-30 22:07:39",7.97,315.36,c3d4d2,127.0.0.1,GET,http://127.0.0.1:8000/admin/album,2,10001
"2025-07-30 22:07:39",8.21,314.73,c036ed,127.0.0.1,GET,http://127.0.0.1:8000/admin/album,2,10001
"2025-07-30 22:07:39",10.10,319.25,54adcc,127.0.0.1,GET,http://127.0.0.1:8000/admin/album,2,10001
"2025-07-30 22:07:38",8.96,318.26,7502de,127.0.0.1,GET,http://127.0.0.1:8000/admin/album,2,10001
"2025-07-30 22:07:38",7.81,314.72,038ece,127.0.0.1,GET,http://127.0.0.1:8000/admin/album,2,10001
"2025-07-30 22:07:38",9.24,318.55,5152d2,127.0.0.1,GET,http://127.0.0.1:8000/admin/album,2,10001
"2025-07-30 22:07:37",10.51,322.47,b133b1,127.0.0.1,GET,http://127.0.0.1:8000/admin/album,2,10001
"2025-07-30 22:07:37",12.55,325.88,cb13e5,127.0.0.1,GET,http://127.0.0.1:8000/admin/album,2,10001
"2025-07-30 22:07:37",9.63,318.98,6e2bfd,127.0.0.1,GET,http://127.0.0.1:8000/admin/album,2,10001
"2025-07-30 22:07:36",7.85,318.19,a25f3c,127.0.0.1,GET,http://127.0.0.1:8000/admin/album,2,10001
"2025-07-30 22:07:36",9.48,321.53,7a13b0,127.0.0.1,GET,http://127.0.0.1:8000/admin/album,2,10001
"2025-07-30 22:07:36",9.09,318.26,8bcbea,127.0.0.1,GET,http://127.0.0.1:8000/admin/album,2,10001
"2025-07-30 22:07:35",7.58,315.69,18364f,127.0.0.1,GET,http://127.0.0.1:8000/admin/album,2,10001
"2025-07-30 22:07:35",9.09,317.44,9d329e,127.0.0.1,GET,http://127.0.0.1:8000/admin/album,2,10001
"2025-07-30 22:07:35",11.52,321.11,cb5ab0,127.0.0.1,GET,http://127.0.0.1:8000/admin/album,2,10001
"2025-07-30 22:07:34",9.30,319.43,4a2916,127.0.0.1,GET,http://127.0.0.1:8000/admin/album,2,10001
"2025-07-30 22:07:34",12.34,325.40,33b31f,127.0.0.1,GET,http://127.0.0.1:8000/admin/album,2,10001
"2025-07-30 22:07:34",10.27,320.80,d24962,127.0.0.1,GET,http://127.0.0.1:8000/admin/album,2,10001
"2025-07-30 22:07:33",12.46,321.64,80a406,127.0.0.1,GET,http://127.0.0.1:8000/admin/album,2,10001
"2025-07-30 22:07:33",11.55,322.85,899be8,127.0.0.1,GET,http://127.0.0.1:8000/admin/album,2,10001
"2025-07-30 22:07:33",9.25,318.60,d1bd44,127.0.0.1,GET,http://127.0.0.1:8000/admin/album,2,10001
"2025-07-30 22:07:32",9.87,318.26,ea3c8c,127.0.0.1,GET,http://127.0.0.1:8000/admin/album,2,10001
"2025-07-30 22:07:32",10.34,320.52,9d0c1e,127.0.0.1,GET,http://127.0.0.1:8000/admin/album,2,10001
"2025-07-30 22:07:32",10.02,318.45,e11ac3,127.0.0.1,GET,http://127.0.0.1:8000/admin/album,2,10001
"2025-07-30 22:07:31",11.16,325.02,fe5b81,127.0.0.1,GET,http://127.0.0.1:8000/admin/album,2,10001
"2025-07-30 22:07:31",10.25,321.61,016ed0,127.0.0.1,GET,http://127.0.0.1:8000/admin/album,2,10001
"2025-07-30 22:07:30",11.24,320.75,1bcbdd,127.0.0.1,GET,http://127.0.0.1:8000/admin/album,2,10001
"2025-07-30 22:07:30",9.30,319.41,03d342,127.0.0.1,GET,http://127.0.0.1:8000/admin/album,2,10001
"2025-07-30 22:07:30",8.76,319.83,bc7df4,127.0.0.1,GET,http://127.0.0.1:8000/admin/album,2,10001
"2025-07-30 22:07:29",10.07,320.00,d90c07,127.0.0.1,GET,http://127.0.0.1:8000/admin/album,2,10001
"2025-07-30 22:07:29",10.89,319.49,189943,127.0.0.1,GET,http://127.0.0.1:8000/admin/album,2,10001
"2025-07-30 22:07:29",11.34,322.44,e3a321,127.0.0.1,GET,http://127.0.0.1:8000/admin/album,2,10001
"2025-07-30 22:07:28",10.28,320.45,06e44e,127.0.0.1,GET,http://127.0.0.1:8000/admin/album,2,10001
"2025-07-30 22:07:28",11.93,324.15,284e89,127.0.0.1,GET,http://127.0.0.1:8000/admin/album,2,10001
"2025-07-30 22:07:28",7.77,316.30,160f2f,127.0.0.1,GET,http://127.0.0.1:8000/admin/album,2,10001
"2025-07-30 22:07:27",12.74,323.96,681f9e,127.0.0.1,GET,http://127.0.0.1:8000/admin/album,2,10001
"2025-07-30 22:07:27",9.20,318.24,c09985,127.0.0.1,GET,http://127.0.0.1:8000/admin/album,2,10001
"2025-07-30 22:07:27",9.31,318.98,359579,127.0.0.1,GET,http://127.0.0.1:8000/admin/album,2,10001
"2025-07-30 22:07:26",9.25,317.12,c17d45,127.0.0.1,GET,http://127.0.0.1:8000/admin/album,2,10001
"2025-07-30 22:07:26",9.28,319.49,d6ee64,127.0.0.1,GET,http://127.0.0.1:8000/admin/album,2,10001
"2025-07-30 22:07:26",10.18,319.57,021aa2,127.0.0.1,GET,http://127.0.0.1:8000/admin/album,2,10001
"2025-07-30 22:07:25",10.02,319.52,9d3026,127.0.0.1,GET,http://127.0.0.1:8000/admin/album,2,10001
"2025-07-30 22:07:25",9.36,320.05,f2d95f,127.0.0.1,GET,http://127.0.0.1:8000/admin/album,2,10001
"2025-07-30 22:07:25",10.30,318.55,79d93e,127.0.0.1,GET,http://127.0.0.1:8000/admin/album,2,10001
"2025-07-30 22:07:24",9.54,320.24,12aecd,127.0.0.1,GET,http://127.0.0.1:8000/admin/album,2,10001
"2025-07-30 22:07:24",7.62,317.70,87e4f5,127.0.0.1,GET,http://127.0.0.1:8000/admin/album,2,10001
"2025-07-30 22:07:24",10.25,319.57,a669fc,127.0.0.1,GET,http://127.0.0.1:8000/admin/album,2,10001
"2025-07-30 22:07:23",9.27,319.11,88c559,127.0.0.1,GET,http://127.0.0.1:8000/admin/album,2,10001
"2025-07-30 22:07:23",11.47,320.76,0d1c9b,127.0.0.1,GET,http://127.0.0.1:8000/admin/album,2,10001
"2025-07-30 22:07:23",9.25,317.40,f0e0bc,127.0.0.1,GET,http://127.0.0.1:8000/admin/album,2,10001
"2025-07-30 22:07:22",9.28,319.43,8b67e6,127.0.0.1,GET,http://127.0.0.1:8000/admin/album,2,10001
"2025-07-30 22:07:22",12.58,326.48,4e1dad,127.0.0.1,GET,http://127.0.0.1:8000/admin/album,2,10001
"2025-07-30 22:07:22",9.12,319.60,6e5aa2,127.0.0.1,GET,http://127.0.0.1:8000/admin/album,2,10001
"2025-07-30 22:07:21",9.27,318.57,66c4b8,127.0.0.1,GET,http://127.0.0.1:8000/admin/album,2,10001
"2025-07-30 22:07:21",9.94,320.63,c03692,127.0.0.1,GET,http://127.0.0.1:8000/admin/album,2,10001
"2025-07-30 22:07:21",9.23,316.56,1819e6,127.0.0.1,GET,http://127.0.0.1:8000/admin/album,2,10001
"2025-07-30 22:07:20",10.37,320.41,4f3f0e,127.0.0.1,GET,http://127.0.0.1:8000/admin/album,2,10001
"2025-07-30 22:07:20",9.78,320.18,319987,127.0.0.1,GET,http://127.0.0.1:8000/admin/album,2,10001
"2025-07-30 22:07:20",9.92,318.51,0cd057,127.0.0.1,GET,http://127.0.0.1:8000/admin/album,2,10001
"2025-07-30 22:07:19",9.27,318.45,33e04d,127.0.0.1,GET,http://127.0.0.1:8000/admin/album,2,10001
"2025-07-30 22:07:19",9.25,324.16,4e0798,127.0.0.1,GET,http://127.0.0.1:8000/admin/album,2,10001
"2025-07-30 22:07:19",9.15,318.68,5ab996,127.0.0.1,GET,http://127.0.0.1:8000/admin/album,2,10001
"2025-07-30 22:07:18",6.70,316.61,939ac1,127.0.0.1,GET,http://127.0.0.1:8000/admin/album,2,10001
"2025-07-30 22:07:18",10.10,319.81,7433ae,127.0.0.1,GET,http://127.0.0.1:8000/admin/album,2,10001
"2025-07-30 22:07:18",11.02,323.52,6dead9,127.0.0.1,GET,http://127.0.0.1:8000/admin/album,2,10001
"2025-07-30 22:07:17",9.58,318.78,b0ac1f,127.0.0.1,GET,http://127.0.0.1:8000/admin/album,2,10001
"2025-07-30 22:07:17",9.33,317.65,0f5770,127.0.0.1,GET,http://127.0.0.1:8000/admin/album,2,10001
"2025-07-30 22:07:16",10.37,321.18,4c10b4,127.0.0.1,GET,http://127.0.0.1:8000/admin/album,2,10001
"2025-07-30 22:07:16",10.99,324.60,e94fe3,127.0.0.1,GET,http://127.0.0.1:8000/admin/album,2,10001
"2025-07-30 22:07:16",10.35,320.80,1027b2,127.0.0.1,GET,http://127.0.0.1:8000/admin/album,2,10001
"2025-07-30 22:07:15",11.35,322.21,898bcf,127.0.0.1,GET,http://127.0.0.1:8000/admin/album,2,10001
"2025-07-30 22:07:15",9.73,320.03,2f3f4b,127.0.0.1,GET,http://127.0.0.1:8000/admin/album,2,10001
"2025-07-30 22:07:15",9.50,319.32,9b125f,127.0.0.1,GET,http://127.0.0.1:8000/admin/album,2,10001
"2025-07-30 22:07:14",6.47,311.79,baff74,127.0.0.1,GET,http://127.0.0.1:8000/admin/album,2,10001
"2025-07-30 22:07:14",9.17,319.53,879c19,127.0.0.1,GET,http://127.0.0.1:8000/admin/album,2,10001
"2025-07-30 22:07:14",10.61,322.39,9b4afb,127.0.0.1,GET,http://127.0.0.1:8000/admin/album,2,10001
"2025-07-30 22:07:13",11.52,320.47,d8f205,127.0.0.1,GET,http://127.0.0.1:8000/admin/album,2,10001
"2025-07-30 22:07:13",12.00,323.73,49ff2f,127.0.0.1,GET,http://127.0.0.1:8000/admin/album,2,10001
"2025-07-30 22:07:13",9.60,319.46,e8bac5,127.0.0.1,GET,http://127.0.0.1:8000/admin/album,2,10001
"2025-07-30 22:07:12",9.72,319.27,40b401,127.0.0.1,GET,http://127.0.0.1:8000/admin/album,2,10001
"2025-07-30 22:07:12",12.47,321.14,5b5d49,127.0.0.1,GET,http://127.0.0.1:8000/admin/album,2,10001
"2025-07-30 22:07:12",11.36,318.76,c77a63,127.0.0.1,GET,http://127.0.0.1:8000/admin/album,2,10001
"2025-07-30 22:07:11",7.04,314.32,b7d1ed,127.0.0.1,GET,http://127.0.0.1:8000/admin/album,2,10001
"2025-07-30 22:07:11",8.21,319.45,01b7b7,127.0.0.1,GET,http://127.0.0.1:8000/admin/album,2,10001
"2025-07-30 22:07:11",11.95,322.33,187672,127.0.0.1,GET,http://127.0.0.1:8000/admin/album,2,10001
"2025-07-30 22:07:10",9.57,319.45,b28110,127.0.0.1,GET,http://127.0.0.1:8000/admin/album,2,10001
"2025-07-30 22:07:10",10.10,321.66,0c6a4b,127.0.0.1,GET,http://127.0.0.1:8000/admin/album,2,10001
"2025-07-30 22:07:10",10.02,317.04,38c242,127.0.0.1,GET,http://127.0.0.1:8000/admin/album,2,10001
"2025-07-30 22:07:09",10.44,316.72,a71f47,127.0.0.1,GET,http://127.0.0.1:8000/admin/album,2,10001
"2025-07-30 22:07:09",5.80,313.96,55feb6,127.0.0.1,GET,http://127.0.0.1:8000/admin/album,2,10001
"2025-07-30 22:07:09",8.81,317.79,a82ebc,127.0.0.1,GET,http://127.0.0.1:8000/admin/album,2,10001
"2025-07-30 22:07:08",9.48,318.00,18a394,127.0.0.1,GET,http://127.0.0.1:8000/admin/album,2,10001
"2025-07-30 22:07:08",9.44,317.13,32fd2f,127.0.0.1,GET,http://127.0.0.1:8000/admin/album,2,10001
"2025-07-30 22:07:08",9.42,319.17,b6b7e2,127.0.0.1,GET,http://127.0.0.1:8000/admin/album,2,10001
"2025-07-30 22:07:07",9.39,318.76,bbc7c1,127.0.0.1,GET,http://127.0.0.1:8000/admin/album,2,10001
"2025-07-30 22:07:07",7.98,319.25,fbb14c,127.0.0.1,GET,http://127.0.0.1:8000/admin/album,2,10001
"2025-07-30 22:07:07",11.76,321.46,40f7ea,127.0.0.1,GET,http://127.0.0.1:8000/admin/album,2,10001
"2025-07-30 22:07:06",11.20,322.48,9321d4,127.0.0.1,GET,http://127.0.0.1:8000/admin/album,2,10001
"2025-07-30 22:07:06",7.55,318.16,10fcdf,127.0.0.1,GET,http://127.0.0.1:8000/admin/album,2,10001
"2025-07-30 22:07:06",9.36,319.72,c43e8e,127.0.0.1,GET,http://127.0.0.1:8000/admin/album,2,10001
"2025-07-30 22:07:05",9.36,319.94,bca13c,127.0.0.1,GET,http://127.0.0.1:8000/admin/album,2,10001
"2025-07-30 22:07:05",10.55,319.10,a151ae,127.0.0.1,GET,http://127.0.0.1:8000/admin/album,2,10001
"2025-07-30 22:07:05",11.45,321.38,a1318d,127.0.0.1,GET,http://127.0.0.1:8000/admin/album,2,10001
"2025-07-30 22:07:04",8.99,319.54,86e2d7,127.0.0.1,GET,http://127.0.0.1:8000/admin/album,2,10001
"2025-07-30 22:07:04",9.71,322.97,f994fe,127.0.0.1,GET,http://127.0.0.1:8000/admin/album,2,10001
"2025-07-30 22:07:04",11.50,321.27,d179f1,127.0.0.1,GET,http://127.0.0.1:8000/admin/album,2,10001
"2025-07-30 22:07:03",10.13,320.62,5b3a14,127.0.0.1,GET,http://127.0.0.1:8000/admin/album,2,10001
"2025-07-30 22:07:03",8.55,315.39,b5a95a,127.0.0.1,GET,http://127.0.0.1:8000/admin/album,2,10001
"2025-07-30 22:07:03",11.94,322.71,2b7b1c,127.0.0.1,GET,http://127.0.0.1:8000/admin/album,2,10001
"2025-07-30 22:07:02",12.59,324.65,ef1dfa,127.0.0.1,GET,http://127.0.0.1:8000/admin/album,2,10001
"2025-07-30 22:07:02",11.35,320.55,a16351,127.0.0.1,GET,http://127.0.0.1:8000/admin/album,2,10001
"2025-07-30 22:07:01",9.03,318.62,f913cf,127.0.0.1,GET,http://127.0.0.1:8000/admin/album,2,10001
"2025-07-30 22:07:01",12.88,326.67,ddfa1e,127.0.0.1,GET,http://127.0.0.1:8000/admin/album,2,10001
"2025-07-30 22:07:01",9.77,318.65,b8aa3a,127.0.0.1,GET,http://127.0.0.1:8000/admin/album,2,10001
"2025-07-30 22:07:00",9.20,320.17,c8b0b3,127.0.0.1,GET,http://127.0.0.1:8000/admin/album,2,10001
"2025-07-30 22:07:00",7.87,318.00,81a7ff,127.0.0.1,GET,http://127.0.0.1:8000/admin/album,2,10001
"2025-07-30 22:07:00",9.23,320.05,b1174e,127.0.0.1,GET,http://127.0.0.1:8000/admin/album,2,10001
"2025-07-30 22:06:59",11.68,323.41,5e8d18,127.0.0.1,GET,http://127.0.0.1:8000/admin/album,2,10001
"2025-07-30 22:06:59",12.44,323.80,f55b6b,127.0.0.1,GET,http://127.0.0.1:8000/admin/album,2,10001
"2025-07-30 22:06:59",9.97,320.68,0a8135,127.0.0.1,GET,http://127.0.0.1:8000/admin/album,2,10001
"2025-07-30 22:06:58",9.34,316.62,56b1e4,127.0.0.1,GET,http://127.0.0.1:8000/admin/album,2,10001
"2025-07-30 22:06:58",12.28,325.24,033767,127.0.0.1,GET,http://127.0.0.1:8000/admin/album,2,10001
"2025-07-30 22:06:58",9.46,319.08,d02458,127.0.0.1,GET,http://127.0.0.1:8000/admin/album,2,10001
"2025-07-30 22:06:57",10.28,321.66,82d2ed,127.0.0.1,GET,http://127.0.0.1:8000/admin/album,2,10001
"2025-07-30 22:06:57",9.24,317.80,f188d6,127.0.0.1,GET,http://127.0.0.1:8000/admin/album,2,10001
"2025-07-30 22:06:57",9.53,319.45,d5d3d5,127.0.0.1,GET,http://127.0.0.1:8000/admin/album,2,10001
"2025-07-30 22:06:56",7.90,317.40,28b0aa,127.0.0.1,GET,http://127.0.0.1:8000/admin/album,2,10001
"2025-07-30 22:06:56",9.99,319.09,a84157,127.0.0.1,GET,http://127.0.0.1:8000/admin/album,2,10001
"2025-07-30 22:06:56",9.46,320.52,393ffd,127.0.0.1,GET,http://127.0.0.1:8000/admin/album,2,10001
"2025-07-30 22:06:55",10.53,321.36,0f7fce,127.0.0.1,GET,http://127.0.0.1:8000/admin/album,2,10001
"2025-07-30 22:06:55",10.75,322.50,3cbac4,127.0.0.1,GET,http://127.0.0.1:8000/admin/album,2,10001
"2025-07-30 22:06:55",7.35,315.92,a95116,127.0.0.1,GET,http://127.0.0.1:8000/admin/album,2,10001
"2025-07-30 22:06:54",9.36,319.76,a27f65,127.0.0.1,GET,http://127.0.0.1:8000/admin/album,2,10001
"2025-07-30 22:06:54",9.06,319.16,f561ea,127.0.0.1,GET,http://127.0.0.1:8000/admin/album,2,10001
"2025-07-30 22:06:54",5.89,314.32,584f04,127.0.0.1,GET,http://127.0.0.1:8000/admin/album,2,10001
"2025-07-30 22:06:53",9.53,318.56,4df112,127.0.0.1,GET,http://127.0.0.1:8000/admin/album,2,10001
"2025-07-30 22:06:53",8.06,317.91,4b15f3,127.0.0.1,GET,http://127.0.0.1:8000/admin/album,2,10001
"2025-07-30 22:06:53",9.92,317.79,70a967,127.0.0.1,GET,http://127.0.0.1:8000/admin/album,2,10001
"2025-07-30 22:06:52",9.61,319.80,fc9b38,127.0.0.1,GET,http://127.0.0.1:8000/admin/album,2,10001
"2025-07-30 22:06:52",12.98,326.12,f70e90,127.0.0.1,GET,http://127.0.0.1:8000/admin/album,2,10001
"2025-07-30 22:06:52",9.56,320.97,d41378,127.0.0.1,GET,http://127.0.0.1:8000/admin/album,2,10001
"2025-07-30 22:06:51",12.45,322.52,9762ef,127.0.0.1,GET,http://127.0.0.1:8000/admin/album,2,10001
"2025-07-30 22:06:51",9.12,317.54,cd6195,127.0.0.1,GET,http://127.0.0.1:8000/admin/album,2,10001
"2025-07-30 22:06:51",8.86,318.88,c8c193,127.0.0.1,GET,http://127.0.0.1:8000/admin/album,2,10001
"2025-07-30 22:06:50",9.72,316.33,a85df6,127.0.0.1,GET,http://127.0.0.1:8000/admin/album,2,10001
"2025-07-30 22:06:50",3.73,312.32,8dec39,127.0.0.1,GET,http://127.0.0.1:8000/admin/album,2,10001
"2025-07-30 22:06:50",11.55,321.00,e8c81e,127.0.0.1,GET,http://127.0.0.1:8000/admin/album,2,10001
"2025-07-30 22:06:49",8.94,315.73,6aebe9,127.0.0.1,GET,http://127.0.0.1:8000/admin/album,2,10001
"2025-07-30 22:06:49",12.09,325.00,6179c1,127.0.0.1,GET,http://127.0.0.1:8000/admin/album,2,10001
"2025-07-30 22:06:49",11.02,322.01,c8e04f,127.0.0.1,GET,http://127.0.0.1:8000/admin/album,2,10001
"2025-07-30 22:06:48",9.74,320.56,2f520e,127.0.0.1,GET,http://127.0.0.1:8000/admin/album,2,10001
"2025-07-30 22:06:48",9.03,319.39,b6829d,127.0.0.1,GET,http://127.0.0.1:8000/admin/album,2,10001
"2025-07-30 22:06:47",8.65,316.76,9a92a2,127.0.0.1,GET,http://127.0.0.1:8000/admin/album,2,10001
"2025-07-30 22:06:47",7.50,318.15,836401,127.0.0.1,GET,http://127.0.0.1:8000/admin/album,2,10001
"2025-07-30 22:06:47",11.11,321.45,c300b1,127.0.0.1,GET,http://127.0.0.1:8000/admin/album,2,10001
"2025-07-30 22:06:46",11.04,320.63,e40819,127.0.0.1,GET,http://127.0.0.1:8000/admin/album,2,10001
"2025-07-30 22:06:46",11.26,323.94,118039,127.0.0.1,GET,http://127.0.0.1:8000/admin/album,2,10001
"2025-07-30 22:06:46",10.64,319.53,f7e44f,127.0.0.1,GET,http://127.0.0.1:8000/admin/album,2,10001
"2025-07-30 22:06:45",9.85,319.93,9dbda4,127.0.0.1,GET,http://127.0.0.1:8000/admin/album,2,10001
"2025-07-30 22:06:45",9.87,319.64,acc636,127.0.0.1,GET,http://127.0.0.1:8000/admin/album,2,10001
"2025-07-30 22:06:45",8.97,318.97,8e976e,127.0.0.1,GET,http://127.0.0.1:8000/admin/album,2,10001
"2025-07-30 22:06:44",8.90,316.24,825400,127.0.0.1,GET,http://127.0.0.1:8000/admin/album,2,10001
"2025-07-30 22:06:44",9.99,321.16,3350e9,127.0.0.1,GET,http://127.0.0.1:8000/admin/album,2,10001
"2025-07-30 22:06:44",9.67,320.74,c7fd9c,127.0.0.1,GET,http://127.0.0.1:8000/admin/album,2,10001
"2025-07-30 22:06:43",11.00,321.05,3bab14,127.0.0.1,GET,http://127.0.0.1:8000/admin/album,2,10001
"2025-07-30 22:06:43",10.49,323.03,54b6ea,127.0.0.1,GET,http://127.0.0.1:8000/admin/album,2,10001
"2025-07-30 22:06:43",10.41,322.87,5daa73,127.0.0.1,GET,http://127.0.0.1:8000/admin/album,2,10001
"2025-07-30 22:06:42",8.03,318.92,736d07,127.0.0.1,GET,http://127.0.0.1:8000/admin/album,2,10001
"2025-07-30 22:06:42",8.23,319.68,a07cee,127.0.0.1,GET,http://127.0.0.1:8000/admin/album,2,10001
"2025-07-30 22:06:42",8.41,316.82,c16011,127.0.0.1,GET,http://127.0.0.1:8000/admin/album,2,10001
"2025-07-30 22:06:41",7.77,319.98,9d40aa,127.0.0.1,GET,http://127.0.0.1:8000/admin/album,2,10001
"2025-07-30 22:06:41",10.36,321.30,e6f4d9,127.0.0.1,GET,http://127.0.0.1:8000/admin/album,2,10001
"2025-07-30 22:06:41",10.70,321.38,51512a,127.0.0.1,GET,http://127.0.0.1:8000/admin/album,2,10001
"2025-07-30 22:06:40",8.77,318.25,066045,127.0.0.1,GET,http://127.0.0.1:8000/admin/album,2,10001
"2025-07-30 22:06:40",9.31,320.12,1f947e,127.0.0.1,GET,http://127.0.0.1:8000/admin/album,2,10001
"2025-07-30 22:06:40",9.69,320.49,d709f2,127.0.0.1,GET,http://127.0.0.1:8000/admin/album,2,10001
"2025-07-30 22:06:39",7.90,316.50,e63f1f,127.0.0.1,GET,http://127.0.0.1:8000/admin/album,2,10001
"2025-07-30 22:06:39",10.60,319.77,ab6760,127.0.0.1,GET,http://127.0.0.1:8000/admin/album,2,10001
"2025-07-30 22:06:39",6.89,314.67,5ab620,127.0.0.1,GET,http://127.0.0.1:8000/admin/album,2,10001
"2025-07-30 22:06:38",7.88,316.59,b08706,127.0.0.1,GET,http://127.0.0.1:8000/admin/album,2,10001
"2025-07-30 22:06:38",9.55,318.39,2e41b1,127.0.0.1,GET,http://127.0.0.1:8000/admin/album,2,10001
"2025-07-30 22:06:38",12.55,317.23,bb5558,127.0.0.1,GET,http://127.0.0.1:8000/admin/album,2,10001
"2025-07-30 22:06:37",9.53,319.91,03351c,127.0.0.1,GET,http://127.0.0.1:8000/admin/album,2,10001
"2025-07-30 22:06:37",10.19,321.76,59b32f,127.0.0.1,GET,http://127.0.0.1:8000/admin/album,2,10001
"2025-07-30 22:06:37",12.34,322.53,266344,127.0.0.1,GET,http://127.0.0.1:8000/admin/album,2,10001
"2025-07-30 22:06:36",10.03,319.23,d3567d,127.0.0.1,GET,http://127.0.0.1:8000/admin/album,2,10001
"2025-07-30 22:06:36",10.62,318.17,2436af,127.0.0.1,GET,http://127.0.0.1:8000/admin/album,2,10001
"2025-07-30 22:06:36",9.75,318.24,e92167,127.0.0.1,GET,http://127.0.0.1:8000/admin/album,2,10001
"2025-07-30 22:06:35",8.59,318.22,296785,127.0.0.1,GET,http://127.0.0.1:8000/admin/album,2,10001
"2025-07-30 22:06:35",5.52,313.85,449b36,127.0.0.1,GET,http://127.0.0.1:8000/admin/album,2,10001
"2025-07-30 22:06:35",10.88,322.43,09e064,127.0.0.1,GET,http://127.0.0.1:8000/admin/album,2,10001
"2025-07-30 22:06:34",6.44,316.52,e66e9a,127.0.0.1,GET,http://127.0.0.1:8000/admin/album,2,10001
"2025-07-30 22:06:34",11.54,325.61,8133b5,127.0.0.1,GET,http://127.0.0.1:8000/admin/album,2,10001
"2025-07-30 22:06:34",10.53,321.14,fb429b,127.0.0.1,GET,http://127.0.0.1:8000/admin/album,2,10001
"2025-07-30 22:06:33",7.56,318.71,7d2e22,127.0.0.1,GET,http://127.0.0.1:8000/admin/album,2,10001
"2025-07-30 22:06:33",11.90,322.70,67240d,127.0.0.1,GET,http://127.0.0.1:8000/admin/album,2,10001
"2025-07-30 22:06:32",6.86,314.74,9d31d9,127.0.0.1,GET,http://127.0.0.1:8000/admin/album,2,10001
"2025-07-30 22:06:32",7.98,318.21,df7dfd,127.0.0.1,GET,http://127.0.0.1:8000/admin/album,2,10001
"2025-07-30 22:06:32",9.66,320.48,7172cb,127.0.0.1,GET,http://127.0.0.1:8000/admin/album,2,10001
"2025-07-30 22:06:31",6.92,313.35,3d568b,127.0.0.1,GET,http://127.0.0.1:8000/admin/album,2,10001
"2025-07-30 22:06:31",7.96,321.66,e878c1,127.0.0.1,GET,http://127.0.0.1:8000/admin/album,2,10001
"2025-07-30 22:06:31",12.54,323.44,bf3617,127.0.0.1,GET,http://127.0.0.1:8000/admin/album,2,10001
"2025-07-30 22:06:30",11.48,321.42,58d53e,127.0.0.1,GET,http://127.0.0.1:8000/admin/album,2,10001
"2025-07-30 22:06:30",9.67,320.21,31be8c,127.0.0.1,GET,http://127.0.0.1:8000/admin/album,2,10001
"2025-07-30 22:06:30",11.84,321.58,ca403c,127.0.0.1,GET,http://127.0.0.1:8000/admin/album,2,10001
"2025-07-30 22:06:29",11.65,323.29,5d2491,127.0.0.1,GET,http://127.0.0.1:8000/admin/album,2,10001
"2025-07-30 22:06:29",10.07,322.12,c432c2,127.0.0.1,GET,http://127.0.0.1:8000/admin/album,2,10001
"2025-07-30 22:06:29",8.98,317.37,7c3211,127.0.0.1,GET,http://127.0.0.1:8000/admin/album,2,10001
"2025-07-30 22:06:28",11.36,320.11,c2bbd9,127.0.0.1,GET,http://127.0.0.1:8000/admin/album,2,10001
"2025-07-30 22:06:28",11.82,324.61,f38725,127.0.0.1,GET,http://127.0.0.1:8000/admin/album,2,10001
"2025-07-30 22:06:28",9.27,318.38,9e01a8,127.0.0.1,GET,http://127.0.0.1:8000/admin/album,2,10001
"2025-07-30 22:06:27",12.10,322.54,4b035e,127.0.0.1,GET,http://127.0.0.1:8000/admin/album,2,10001
"2025-07-30 22:06:27",8.57,317.59,14efb4,127.0.0.1,GET,http://127.0.0.1:8000/admin/album,2,10001
"2025-07-30 22:06:27",9.99,321.12,4e23ff,127.0.0.1,GET,http://127.0.0.1:8000/admin/album,2,10001
"2025-07-30 22:06:26",11.80,320.87,e1ae37,127.0.0.1,GET,http://127.0.0.1:8000/admin/album,2,10001
"2025-07-30 22:06:26",9.99,320.35,283b4c,127.0.0.1,GET,http://127.0.0.1:8000/admin/album,2,10001
"2025-07-30 22:06:26",11.14,318.90,80069e,127.0.0.1,GET,http://127.0.0.1:8000/admin/album,2,10001
"2025-07-30 22:06:25",10.54,321.07,16424d,127.0.0.1,GET,http://127.0.0.1:8000/admin/album,2,10001
"2025-07-30 22:06:25",8.67,322.50,d79bfa,127.0.0.1,GET,http://127.0.0.1:8000/admin/album,2,10001
"2025-07-30 22:06:25",7.62,316.75,405736,127.0.0.1,GET,http://127.0.0.1:8000/admin/album,2,10001
"2025-07-30 22:06:24",9.35,317.24,7ba951,127.0.0.1,GET,http://127.0.0.1:8000/admin/album,2,10001
"2025-07-30 22:06:24",11.73,321.82,6cce29,127.0.0.1,GET,http://127.0.0.1:8000/admin/album,2,10001
"2025-07-30 22:06:24",10.35,317.90,34e09f,127.0.0.1,GET,http://127.0.0.1:8000/admin/album,2,10001
"2025-07-30 22:06:23",12.32,323.93,6feacb,127.0.0.1,GET,http://127.0.0.1:8000/admin/album,2,10001
"2025-07-30 22:06:23",8.39,318.40,9cd7d5,127.0.0.1,GET,http://127.0.0.1:8000/admin/album,2,10001
"2025-07-30 22:06:23",9.01,319.10,847f9e,127.0.0.1,GET,http://127.0.0.1:8000/admin/album,2,10001
"2025-07-30 22:06:22",9.67,321.39,daf703,127.0.0.1,GET,http://127.0.0.1:8000/admin/album,2,10001
"2025-07-30 22:06:22",10.14,323.00,dcf280,127.0.0.1,GET,http://127.0.0.1:8000/admin/album,2,10001
"2025-07-30 22:06:22",9.28,318.64,3a297b,127.0.0.1,GET,http://127.0.0.1:8000/admin/album,2,10001
"2025-07-30 22:06:21",12.14,320.64,b92c3e,127.0.0.1,GET,http://127.0.0.1:8000/admin/album,2,10001
"2025-07-30 22:06:21",8.83,318.15,014fdf,127.0.0.1,GET,http://127.0.0.1:8000/admin/album,2,10001
"2025-07-30 22:06:21",10.83,321.50,6de202,127.0.0.1,GET,http://127.0.0.1:8000/admin/album,2,10001
"2025-07-30 22:06:20",7.54,314.41,78ce04,127.0.0.1,GET,http://127.0.0.1:8000/admin/album,2,10001
"2025-07-30 22:06:20",8.69,319.74,bd5336,127.0.0.1,GET,http://127.0.0.1:8000/admin/album,2,10001
"2025-07-30 22:06:20",11.17,320.09,a6fe5b,127.0.0.1,GET,http://127.0.0.1:8000/admin/album,2,10001
"2025-07-30 22:06:19",9.16,317.88,8bb565,127.0.0.1,GET,http://127.0.0.1:8000/admin/album,2,10001
"2025-07-30 22:06:19",11.43,321.96,9258f6,127.0.0.1,GET,http://127.0.0.1:8000/admin/album,2,10001
"2025-07-30 22:06:19",10.25,320.07,baa008,127.0.0.1,GET,http://127.0.0.1:8000/admin/album,2,10001
"2025-07-30 22:06:18",9.79,319.66,4a4c78,127.0.0.1,GET,http://127.0.0.1:8000/admin/album,2,10001
"2025-07-30 22:06:18",10.44,319.68,1ff9e5,127.0.0.1,GET,http://127.0.0.1:8000/admin/album,2,10001
"2025-07-30 22:06:17",10.79,320.58,97634e,127.0.0.1,GET,http://127.0.0.1:8000/admin/album,2,10001
"2025-07-30 22:06:17",9.12,319.75,70191f,127.0.0.1,GET,http://127.0.0.1:8000/admin/album,2,10001
"2025-07-30 22:06:17",8.79,318.42,9c681b,127.0.0.1,GET,http://127.0.0.1:8000/admin/album,2,10001
"2025-07-30 22:06:16",10.61,321.58,9569c6,127.0.0.1,GET,http://127.0.0.1:8000/admin/album,2,10001
"2025-07-30 22:06:16",10.49,325.31,27af39,127.0.0.1,GET,http://127.0.0.1:8000/admin/album,2,10001
"2025-07-30 22:06:16",10.31,319.10,a90a65,127.0.0.1,GET,http://127.0.0.1:8000/admin/album,2,10001
"2025-07-30 22:06:15",7.87,320.09,418a20,127.0.0.1,GET,http://127.0.0.1:8000/admin/album,2,10001
"2025-07-30 22:06:15",6.52,316.26,688573,127.0.0.1,GET,http://127.0.0.1:8000/admin/album,2,10001
"2025-07-30 22:06:15",7.12,316.12,aa989f,127.0.0.1,GET,http://127.0.0.1:8000/admin/album,2,10001
"2025-07-30 22:06:14",10.15,319.46,c2db51,127.0.0.1,GET,http://127.0.0.1:8000/admin/album,2,10001
"2025-07-30 22:06:14",10.68,318.22,52949c,127.0.0.1,GET,http://127.0.0.1:8000/admin/album,2,10001
"2025-07-30 22:06:14",14.09,324.90,0acf03,127.0.0.1,GET,http://127.0.0.1:8000/admin/album,2,10001
"2025-07-30 22:06:13",13.40,323.20,25a549,127.0.0.1,GET,http://127.0.0.1:8000/admin/album,2,10001
"2025-07-30 22:06:13",12.66,325.08,1d257d,127.0.0.1,GET,http://127.0.0.1:8000/admin/album,2,10001
"2025-07-30 22:06:13",9.20,318.36,0058fb,127.0.0.1,GET,http://127.0.0.1:8000/admin/album,2,10001
"2025-07-30 22:06:12",11.71,321.40,7c47be,127.0.0.1,GET,http://127.0.0.1:8000/admin/album,2,10001
"2025-07-30 22:06:12",9.41,319.40,85caed,127.0.0.1,GET,http://127.0.0.1:8000/admin/album,2,10001
"2025-07-30 22:06:12",9.77,319.98,4f5849,127.0.0.1,GET,http://127.0.0.1:8000/admin/album,2,10001
"2025-07-30 22:06:11",10.27,320.62,586280,127.0.0.1,GET,http://127.0.0.1:8000/admin/album,2,10001
"2025-07-30 22:06:11",10.28,321.71,98f79b,127.0.0.1,GET,http://127.0.0.1:8000/admin/album,2,10001
"2025-07-30 22:06:11",10.31,320.50,4b4c91,127.0.0.1,GET,http://127.0.0.1:8000/admin/album,2,10001
"2025-07-30 22:06:10",6.88,315.59,d3136b,127.0.0.1,GET,http://127.0.0.1:8000/admin/album,2,10001
"2025-07-30 22:06:10",11.85,322.58,fc871f,127.0.0.1,GET,http://127.0.0.1:8000/admin/album,2,10001
"2025-07-30 22:06:10",9.47,320.15,d1c310,127.0.0.1,GET,http://127.0.0.1:8000/admin/album,2,10001
"2025-07-30 22:06:09",9.19,318.17,a862b9,127.0.0.1,GET,http://127.0.0.1:8000/admin/album,2,10001
"2025-07-30 22:06:09",9.09,315.66,32f548,127.0.0.1,GET,http://127.0.0.1:8000/admin/album,2,10001
"2025-07-30 22:06:09",10.30,320.23,030439,127.0.0.1,GET,http://127.0.0.1:8000/admin/album,2,10001
"2025-07-30 22:06:08",8.97,318.58,8565d8,127.0.0.1,GET,http://127.0.0.1:8000/admin/album,2,10001
"2025-07-30 22:06:08",10.84,319.86,46eaad,127.0.0.1,GET,http://127.0.0.1:8000/admin/album,2,10001
"2025-07-30 22:06:08",11.16,322.63,3d78dc,127.0.0.1,GET,http://127.0.0.1:8000/admin/album,2,10001
"2025-07-30 22:06:07",8.16,315.86,0b9b4a,127.0.0.1,GET,http://127.0.0.1:8000/admin/album,2,10001
"2025-07-30 22:06:07",11.42,326.16,08a6f0,127.0.0.1,GET,http://127.0.0.1:8000/admin/album,2,10001
"2025-07-30 22:06:07",6.83,316.93,c63b72,127.0.0.1,GET,http://127.0.0.1:8000/admin/album,2,10001
"2025-07-30 22:06:06",9.88,318.79,632d6d,127.0.0.1,GET,http://127.0.0.1:8000/admin/album,2,10001
"2025-07-30 22:06:06",9.25,319.25,4a35f3,127.0.0.1,GET,http://127.0.0.1:8000/admin/album,2,10001
"2025-07-30 22:06:06",9.21,318.42,454d68,127.0.0.1,GET,http://127.0.0.1:8000/admin/album,2,10001
"2025-07-30 22:06:05",8.37,320.27,c02b7c,127.0.0.1,GET,http://127.0.0.1:8000/admin/album,2,10001
"2025-07-30 22:06:05",9.72,318.47,223856,127.0.0.1,GET,http://127.0.0.1:8000/admin/album,2,10001
"2025-07-30 22:06:05",9.18,318.51,3fb005,127.0.0.1,GET,http://127.0.0.1:8000/admin/album,2,10001
"2025-07-30 22:06:04",7.82,315.44,cbb1ed,127.0.0.1,GET,http://127.0.0.1:8000/admin/album,2,10001
"2025-07-30 22:06:04",11.88,326.90,6f8e97,127.0.0.1,GET,http://127.0.0.1:8000/admin/album,2,10001
"2025-07-30 22:06:04",9.78,320.28,56bbf8,127.0.0.1,GET,http://127.0.0.1:8000/admin/album,2,10001
"2025-07-30 22:06:03",10.07,320.28,ab0677,127.0.0.1,GET,http://127.0.0.1:8000/admin/album,2,10001
"2025-07-30 22:06:03",11.34,323.52,77d927,127.0.0.1,GET,http://127.0.0.1:8000/admin/album,2,10001
"2025-07-30 22:06:02",8.82,319.44,fdf2ca,127.0.0.1,GET,http://127.0.0.1:8000/admin/album,2,10001
"2025-07-30 22:06:02",9.83,320.31,e82d6d,127.0.0.1,GET,http://127.0.0.1:8000/admin/album,2,10001
"2025-07-30 22:06:02",9.52,319.38,9f0331,127.0.0.1,GET,http://127.0.0.1:8000/admin/album,2,10001
"2025-07-30 22:06:01",9.41,319.22,fbff18,127.0.0.1,GET,http://127.0.0.1:8000/admin/album,2,10001
"2025-07-30 22:06:01",10.75,324.73,b5e084,127.0.0.1,GET,http://127.0.0.1:8000/admin/album,2,10001
"2025-07-30 22:06:01",9.21,320.21,fd64a9,127.0.0.1,GET,http://127.0.0.1:8000/admin/album,2,10001
"2025-07-30 22:06:00",9.31,319.82,67c014,127.0.0.1,GET,http://127.0.0.1:8000/admin/album,2,10001
"2025-07-30 22:06:00",11.15,320.13,bbc0c4,127.0.0.1,GET,http://127.0.0.1:8000/admin/album,2,10001
"2025-07-30 22:06:00",9.32,318.80,e1e2c3,127.0.0.1,GET,http://127.0.0.1:8000/admin/album,2,10001
"2025-07-30 22:05:59",12.07,322.95,f2267b,127.0.0.1,GET,http://127.0.0.1:8000/admin/album,2,10001
"2025-07-30 22:05:59",8.48,317.69,e2d48c,127.0.0.1,GET,http://127.0.0.1:8000/admin/album,2,10001
"2025-07-30 22:05:59",11.04,320.74,542813,127.0.0.1,GET,http://127.0.0.1:8000/admin/album,2,10001
"2025-07-30 22:05:58",7.78,318.90,e5e954,127.0.0.1,GET,http://127.0.0.1:8000/admin/album,2,10001
"2025-07-30 22:05:58",12.42,326.07,f03d4f,127.0.0.1,GET,http://127.0.0.1:8000/admin/album,2,10001
"2025-07-30 22:05:58",9.21,318.85,409d60,127.0.0.1,GET,http://127.0.0.1:8000/admin/album,2,10001
"2025-07-30 22:05:57",10.60,318.50,d6bfae,127.0.0.1,GET,http://127.0.0.1:8000/admin/album,2,10001
"2025-07-30 22:05:57",9.47,318.64,8207af,127.0.0.1,GET,http://127.0.0.1:8000/admin/album,2,10001
"2025-07-30 22:05:57",9.10,318.59,802540,127.0.0.1,GET,http://127.0.0.1:8000/admin/album,2,10001
"2025-07-30 22:05:56",11.66,321.91,48b671,127.0.0.1,GET,http://127.0.0.1:8000/admin/album,2,10001
"2025-07-30 22:05:56",8.82,320.60,94c3d9,127.0.0.1,GET,http://127.0.0.1:8000/admin/album,2,10001
"2025-07-30 22:05:56",9.54,320.00,e96bb0,127.0.0.1,GET,http://127.0.0.1:8000/admin/album,2,10001
"2025-07-30 22:05:55",9.21,318.31,d859b5,127.0.0.1,GET,http://127.0.0.1:8000/admin/album,2,10001
"2025-07-30 22:05:55",10.84,324.13,acd456,127.0.0.1,GET,http://127.0.0.1:8000/admin/album,2,10001
"2025-07-30 22:05:55",7.16,316.28,af64e0,127.0.0.1,GET,http://127.0.0.1:8000/admin/album,2,10001
"2025-07-30 22:05:54",6.68,315.48,f8b1c4,127.0.0.1,GET,http://127.0.0.1:8000/admin/album,2,10001
"2025-07-30 22:05:54",9.23,318.80,af1a7d,127.0.0.1,GET,http://127.0.0.1:8000/admin/album,2,10001
"2025-07-30 22:05:54",6.32,317.02,fb9d1a,127.0.0.1,GET,http://127.0.0.1:8000/admin/album,2,10001
"2025-07-30 22:05:53",12.84,320.92,9b3e5f,127.0.0.1,GET,http://127.0.0.1:8000/admin/album,2,10001
"2025-07-30 22:05:53",10.09,320.53,d41cdd,127.0.0.1,GET,http://127.0.0.1:8000/admin/album,2,10001
"2025-07-30 22:05:53",11.56,321.34,19b61f,127.0.0.1,GET,http://127.0.0.1:8000/admin/album,2,10001
"2025-07-30 22:05:52",10.48,319.45,d4e712,127.0.0.1,GET,http://127.0.0.1:8000/admin/album,2,10001
"2025-07-30 22:05:52",12.15,326.27,40ac8f,127.0.0.1,GET,http://127.0.0.1:8000/admin/album,2,10001
"2025-07-30 22:05:52",9.22,320.78,931b82,127.0.0.1,GET,http://127.0.0.1:8000/admin/album,2,10001
"2025-07-30 22:05:51",8.33,318.96,bb1368,127.0.0.1,GET,http://127.0.0.1:8000/admin/album,2,10001
"2025-07-30 22:05:51",9.19,317.77,2a58ff,127.0.0.1,GET,http://127.0.0.1:8000/admin/album,2,10001
"2025-07-30 22:05:51",11.67,320.94,eaf146,127.0.0.1,GET,http://127.0.0.1:8000/admin/album,2,10001
"2025-07-30 22:05:50",7.50,316.91,6811d3,127.0.0.1,GET,http://127.0.0.1:8000/admin/album,2,10001
"2025-07-30 22:05:50",12.06,323.03,c7529a,127.0.0.1,GET,http://127.0.0.1:8000/admin/album,2,10001
"2025-07-30 22:05:50",9.54,318.39,a91609,127.0.0.1,GET,http://127.0.0.1:8000/admin/album,2,10001
"2025-07-30 22:05:49",5.01,313.63,a612fe,127.0.0.1,GET,http://127.0.0.1:8000/admin/album,2,10001
"2025-07-30 22:05:49",12.59,325.92,3f9f1c,127.0.0.1,GET,http://127.0.0.1:8000/admin/album,2,10001
"2025-07-30 22:05:48",10.33,319.88,02df7b,127.0.0.1,GET,http://127.0.0.1:8000/admin/album,2,10001
"2025-07-30 22:05:48",8.40,319.23,7b2313,127.0.0.1,GET,http://127.0.0.1:8000/admin/album,2,10001
"2025-07-30 22:05:48",10.04,320.45,70fefd,127.0.0.1,GET,http://127.0.0.1:8000/admin/album,2,10001
"2025-07-30 22:05:47",10.51,320.67,efb137,127.0.0.1,GET,http://127.0.0.1:8000/admin/album,2,10001
"2025-07-30 22:05:47",7.71,317.85,0a6819,127.0.0.1,GET,http://127.0.0.1:8000/admin/album,2,10001
"2025-07-30 22:05:47",10.43,322.00,3fad86,127.0.0.1,GET,http://127.0.0.1:8000/admin/album,2,10001
"2025-07-30 22:05:46",9.73,319.51,d9e713,127.0.0.1,GET,http://127.0.0.1:8000/admin/album,2,10001
"2025-07-30 22:05:46",11.89,323.93,f68185,127.0.0.1,GET,http://127.0.0.1:8000/admin/album,2,10001
"2025-07-30 22:05:46",9.56,318.59,fd986e,127.0.0.1,GET,http://127.0.0.1:8000/admin/album,2,10001
"2025-07-30 22:05:45",9.37,320.90,db02a9,127.0.0.1,GET,http://127.0.0.1:8000/admin/album,2,10001
"2025-07-30 22:05:45",11.13,320.79,6e5970,127.0.0.1,GET,http://127.0.0.1:8000/admin/album,2,10001
"2025-07-30 22:05:45",10.32,319.68,09a458,127.0.0.1,GET,http://127.0.0.1:8000/admin/album,2,10001
"2025-07-30 22:05:44",9.38,318.41,b2304b,127.0.0.1,GET,http://127.0.0.1:8000/admin/album,2,10001
"2025-07-30 22:05:44",7.88,317.31,a70e51,127.0.0.1,GET,http://127.0.0.1:8000/admin/album,2,10001
"2025-07-30 22:05:44",11.00,319.10,be7668,127.0.0.1,GET,http://127.0.0.1:8000/admin/album,2,10001
"2025-07-30 22:05:43",8.92,319.47,14f9aa,127.0.0.1,GET,http://127.0.0.1:8000/admin/album,2,10001
"2025-07-30 22:05:43",10.26,321.27,e7ef16,127.0.0.1,GET,http://127.0.0.1:8000/admin/album,2,10001
"2025-07-30 22:05:43",8.15,317.98,da059d,127.0.0.1,GET,http://127.0.0.1:8000/admin/album,2,10001
"2025-07-30 22:05:42",9.95,321.01,8666f9,127.0.0.1,GET,http://127.0.0.1:8000/admin/album,2,10001
"2025-07-30 22:05:42",6.93,316.24,176ca3,127.0.0.1,GET,http://127.0.0.1:8000/admin/album,2,10001
"2025-07-30 22:05:42",8.37,317.51,2e017e,127.0.0.1,GET,http://127.0.0.1:8000/admin/album,2,10001
"2025-07-30 22:05:41",6.91,316.98,d1bf0d,127.0.0.1,GET,http://127.0.0.1:8000/admin/album,2,10001
"2025-07-30 22:05:41",10.51,320.58,40da7d,127.0.0.1,GET,http://127.0.0.1:8000/admin/album,2,10001
"2025-07-30 22:05:41",11.92,320.18,2de74c,127.0.0.1,GET,http://127.0.0.1:8000/admin/album,2,10001
"2025-07-30 22:05:40",7.55,317.61,db84cb,127.0.0.1,GET,http://127.0.0.1:8000/admin/album,2,10001
"2025-07-30 22:05:40",12.21,325.16,417c07,127.0.0.1,GET,http://127.0.0.1:8000/admin/album,2,10001
"2025-07-30 22:05:40",11.44,321.83,68060a,127.0.0.1,GET,http://127.0.0.1:8000/admin/album,2,10001
"2025-07-30 22:05:39",10.23,320.39,f130a2,127.0.0.1,GET,http://127.0.0.1:8000/admin/album,2,10001
"2025-07-30 22:05:39",12.45,323.37,343920,127.0.0.1,GET,http://127.0.0.1:8000/admin/album,2,10001
"2025-07-30 22:05:39",9.72,319.02,baacd8,127.0.0.1,GET,http://127.0.0.1:8000/admin/album,2,10001
"2025-07-30 22:05:38",9.24,320.06,b6ad8c,127.0.0.1,GET,http://127.0.0.1:8000/admin/album,2,10001
"2025-07-30 22:05:38",10.06,319.33,7111ab,127.0.0.1,GET,http://127.0.0.1:8000/admin/album,2,10001
"2025-07-30 22:05:38",10.18,320.76,0ee22a,127.0.0.1,GET,http://127.0.0.1:8000/admin/album,2,10001
"2025-07-30 22:05:37",9.57,319.89,536151,127.0.0.1,GET,http://127.0.0.1:8000/admin/album,2,10001
"2025-07-30 22:05:37",11.41,324.69,ae848a,127.0.0.1,GET,http://127.0.0.1:8000/admin/album,2,10001
"2025-07-30 22:05:37",9.39,319.02,faebb5,127.0.0.1,GET,http://127.0.0.1:8000/admin/album,2,10001
"2025-07-30 22:05:36",7.91,320.67,353eb4,127.0.0.1,GET,http://127.0.0.1:8000/admin/album,2,10001
"2025-07-30 22:05:36",10.00,320.55,73eaa2,127.0.0.1,GET,http://127.0.0.1:8000/admin/album,2,10001
"2025-07-30 22:05:36",9.65,319.84,4762d3,127.0.0.1,GET,http://127.0.0.1:8000/admin/album,2,10001
"2025-07-30 22:05:35",9.34,319.26,2f6cc0,127.0.0.1,GET,http://127.0.0.1:8000/admin/album,2,10001
"2025-07-30 22:05:35",9.69,319.04,df81c3,127.0.0.1,GET,http://127.0.0.1:8000/admin/album,2,10001
"2025-07-30 22:05:34",6.55,315.78,c3aca2,127.0.0.1,GET,http://127.0.0.1:8000/admin/album,2,10001
"2025-07-30 22:05:34",11.28,324.47,37b856,127.0.0.1,GET,http://127.0.0.1:8000/admin/album,2,10001
"2025-07-30 22:05:34",12.16,322.42,2416c0,127.0.0.1,GET,http://127.0.0.1:8000/admin/album,2,10001
"2025-07-30 22:05:33",7.83,315.09,a456db,127.0.0.1,GET,http://127.0.0.1:8000/admin/album,2,10001
"2025-07-30 22:05:33",9.75,317.03,a3b4cb,127.0.0.1,GET,http://127.0.0.1:8000/admin/album,2,10001
"2025-07-30 22:05:33",7.88,317.54,7632d2,127.0.0.1,GET,http://127.0.0.1:8000/admin/album,2,10001
"2025-07-30 22:05:32",11.75,321.19,6eb6e3,127.0.0.1,GET,http://127.0.0.1:8000/admin/album,2,10001
"2025-07-30 22:05:32",9.79,319.71,bab059,127.0.0.1,GET,http://127.0.0.1:8000/admin/album,2,10001
"2025-07-30 22:05:32",9.67,317.68,1075ba,127.0.0.1,GET,http://127.0.0.1:8000/admin/album,2,10001
"2025-07-30 22:05:31",9.45,318.09,496b88,127.0.0.1,GET,http://127.0.0.1:8000/admin/album,2,10001
"2025-07-30 22:05:31",10.25,319.94,32a6be,127.0.0.1,GET,http://127.0.0.1:8000/admin/album,2,10001
"2025-07-30 22:05:31",6.18,314.29,2bee6d,127.0.0.1,GET,http://127.0.0.1:8000/admin/album,2,10001
"2025-07-30 22:05:30",9.65,318.22,20c29e,127.0.0.1,GET,http://127.0.0.1:8000/admin/album,2,10001
"2025-07-30 22:05:30",9.49,316.78,cdba60,127.0.0.1,GET,http://127.0.0.1:8000/admin/album,2,10001
"2025-07-30 22:05:30",9.23,316.90,5b05ac,127.0.0.1,GET,http://127.0.0.1:8000/admin/album,2,10001
"2025-07-30 22:05:29",9.89,321.84,5313eb,127.0.0.1,GET,http://127.0.0.1:8000/admin/album,2,10001
"2025-07-30 22:05:29",10.28,320.92,f0fcba,127.0.0.1,GET,http://127.0.0.1:8000/admin/album,2,10001
"2025-07-30 22:05:29",8.88,318.81,5a033f,127.0.0.1,GET,http://127.0.0.1:8000/admin/album,2,10001
"2025-07-30 22:05:28",9.84,318.32,0d9d0e,127.0.0.1,GET,http://127.0.0.1:8000/admin/album,2,10001
"2025-07-30 22:05:28",13.11,325.81,27f3e0,127.0.0.1,GET,http://127.0.0.1:8000/admin/album,2,10001
"2025-07-30 22:05:28",10.82,319.46,f08ff1,127.0.0.1,GET,http://127.0.0.1:8000/admin/album,2,10001
"2025-07-30 22:05:27",10.20,321.33,f67435,127.0.0.1,GET,http://127.0.0.1:8000/admin/album,2,10001
"2025-07-30 22:05:27",9.84,318.90,0bf4f6,127.0.0.1,GET,http://127.0.0.1:8000/admin/album,2,10001
"2025-07-30 22:05:27",8.80,317.48,9d2554,127.0.0.1,GET,http://127.0.0.1:8000/admin/album,2,10001
"2025-07-30 22:05:26",9.20,317.82,bbba45,127.0.0.1,GET,http://127.0.0.1:8000/admin/album,2,10001
"2025-07-30 22:05:26",10.21,318.98,971177,127.0.0.1,GET,http://127.0.0.1:8000/admin/album,2,10001
"2025-07-30 22:05:26",7.90,315.95,21b7cb,127.0.0.1,GET,http://127.0.0.1:8000/admin/album,2,10001
"2025-07-30 22:05:25",11.21,320.75,cdaf1d,127.0.0.1,GET,http://127.0.0.1:8000/admin/album,2,10001
"2025-07-30 22:05:25",12.57,325.41,ed6ef9,127.0.0.1,GET,http://127.0.0.1:8000/admin/album,2,10001
"2025-07-30 22:05:25",8.92,318.82,f3377b,127.0.0.1,GET,http://127.0.0.1:8000/admin/album,2,10001
"2025-07-30 22:05:24",9.74,319.40,30ab0c,127.0.0.1,GET,http://127.0.0.1:8000/admin/album,2,10001
"2025-07-30 22:05:24",9.78,318.54,6aaacb,127.0.0.1,GET,http://127.0.0.1:8000/admin/album,2,10001
"2025-07-30 22:05:24",10.93,321.66,217389,127.0.0.1,GET,http://127.0.0.1:8000/admin/album,2,10001
"2025-07-30 22:05:23",11.98,324.13,f4f56c,127.0.0.1,GET,http://127.0.0.1:8000/admin/album,2,10001
"2025-07-30 22:05:23",10.23,320.58,df3cfe,127.0.0.1,GET,http://127.0.0.1:8000/admin/album,2,10001
"2025-07-30 22:05:23",11.10,321.59,7f4db2,127.0.0.1,GET,http://127.0.0.1:8000/admin/album,2,10001
"2025-07-30 22:05:22",8.27,317.00,e7fffb,127.0.0.1,GET,http://127.0.0.1:8000/admin/album,2,10001
"2025-07-30 22:05:22",11.94,323.16,3d2abf,127.0.0.1,GET,http://127.0.0.1:8000/admin/album,2,10001
"2025-07-30 22:05:22",11.88,323.62,6c5ddb,127.0.0.1,GET,http://127.0.0.1:8000/admin/album,2,10001
"2025-07-30 22:05:21",7.83,316.82,974814,127.0.0.1,GET,http://127.0.0.1:8000/admin/album,2,10001
"2025-07-30 22:05:21",9.63,320.56,b95772,127.0.0.1,GET,http://127.0.0.1:8000/admin/album,2,10001
"2025-07-30 22:05:21",12.05,322.93,5f4442,127.0.0.1,GET,http://127.0.0.1:8000/admin/album,2,10001
"2025-07-30 22:05:20",11.14,318.78,7d680e,127.0.0.1,GET,http://127.0.0.1:8000/admin/album,2,10001
"2025-07-30 22:05:20",9.14,320.15,0cc524,127.0.0.1,GET,http://127.0.0.1:8000/admin/album,2,10001
"2025-07-30 22:05:19",9.45,318.54,394429,127.0.0.1,GET,http://127.0.0.1:8000/admin/album,2,10001
"2025-07-30 22:05:19",11.51,325.70,3a7816,127.0.0.1,GET,http://127.0.0.1:8000/admin/album,2,10001
"2025-07-30 22:05:19",7.50,316.52,faea8e,127.0.0.1,GET,http://127.0.0.1:8000/admin/album,2,10001
"2025-07-30 22:05:18",9.33,318.03,c608dd,127.0.0.1,GET,http://127.0.0.1:8000/admin/album,2,10001
"2025-07-30 22:05:18",10.09,319.33,c29c59,127.0.0.1,GET,http://127.0.0.1:8000/admin/album,2,10001
"2025-07-30 22:05:18",10.77,320.81,fa6155,127.0.0.1,GET,http://127.0.0.1:8000/admin/album,2,10001
"2025-07-30 22:05:17",9.98,321.46,97dc9e,127.0.0.1,GET,http://127.0.0.1:8000/admin/album,2,10001
"2025-07-30 22:05:17",9.49,319.79,2e778d,127.0.0.1,GET,http://127.0.0.1:8000/admin/album,2,10001
"2025-07-30 22:05:17",9.24,321.12,7fe6a4,127.0.0.1,GET,http://127.0.0.1:8000/admin/album,2,10001
"2025-07-30 22:05:16",9.33,319.64,34b714,127.0.0.1,GET,http://127.0.0.1:8000/admin/album,2,10001
"2025-07-30 22:05:16",12.00,327.55,f8a5d5,127.0.0.1,GET,http://127.0.0.1:8000/admin/album,2,10001
"2025-07-30 22:05:16",9.32,319.39,d81d38,127.0.0.1,GET,http://127.0.0.1:8000/admin/album,2,10001
"2025-07-30 22:05:15",7.50,316.75,6b3b93,127.0.0.1,GET,http://127.0.0.1:8000/admin/album,2,10001
"2025-07-30 22:05:15",9.42,319.52,9fd7c5,127.0.0.1,GET,http://127.0.0.1:8000/admin/album,2,10001
"2025-07-30 22:05:15",11.40,322.21,b7f5f6,127.0.0.1,GET,http://127.0.0.1:8000/admin/album,2,10001
"2025-07-30 22:05:14",9.36,318.05,3a5652,127.0.0.1,GET,http://127.0.0.1:8000/admin/album,2,10001
"2025-07-30 22:05:14",8.02,316.31,b52b5e,127.0.0.1,GET,http://127.0.0.1:8000/admin/album,2,10001
"2025-07-30 22:05:14",9.11,318.50,7771c4,127.0.0.1,GET,http://127.0.0.1:8000/admin/album,2,10001
"2025-07-30 22:05:13",9.83,317.56,a2cccd,127.0.0.1,GET,http://127.0.0.1:8000/admin/album,2,10001
"2025-07-30 22:05:13",9.13,323.50,8217c9,127.0.0.1,GET,http://127.0.0.1:8000/admin/album,2,10001
"2025-07-30 22:05:13",5.43,313.90,14ff8a,127.0.0.1,GET,http://127.0.0.1:8000/admin/album,2,10001
"2025-07-30 22:05:12",8.74,316.46,e168ce,127.0.0.1,GET,http://127.0.0.1:8000/admin/album,2,10001
"2025-07-30 22:05:12",10.46,319.53,2bc7e1,127.0.0.1,GET,http://127.0.0.1:8000/admin/album,2,10001
"2025-07-30 22:05:12",11.85,319.98,68c8d0,127.0.0.1,GET,http://127.0.0.1:8000/admin/album,2,10001
"2025-07-30 22:05:11",9.05,317.30,53f7a5,127.0.0.1,GET,http://127.0.0.1:8000/admin/album,2,10001
"2025-07-30 22:05:11",12.02,322.89,21dd87,127.0.0.1,GET,http://127.0.0.1:8000/admin/album,2,10001
"2025-07-30 22:05:11",10.16,318.87,2437c3,127.0.0.1,GET,http://127.0.0.1:8000/admin/album,2,10001
"2025-07-30 22:05:10",10.70,319.42,7014b4,127.0.0.1,GET,http://127.0.0.1:8000/admin/album,2,10001
"2025-07-30 22:05:10",11.43,322.57,9cac78,127.0.0.1,GET,http://127.0.0.1:8000/admin/album,2,10001
"2025-07-30 22:05:10",9.95,318.76,2e0762,127.0.0.1,GET,http://127.0.0.1:8000/admin/album,2,10001
"2025-07-30 22:05:09",8.14,317.77,9bba94,127.0.0.1,GET,http://127.0.0.1:8000/admin/album,2,10001
"2025-07-30 22:05:09",9.05,318.65,db5219,127.0.0.1,GET,http://127.0.0.1:8000/admin/album,2,10001
"2025-07-30 22:05:09",9.78,321.36,e6e054,127.0.0.1,GET,http://127.0.0.1:8000/admin/album,2,10001
"2025-07-30 22:05:08",11.51,320.24,9a4ad4,127.0.0.1,GET,http://127.0.0.1:8000/admin/album,2,10001
"2025-07-30 22:05:08",9.50,321.45,adef17,127.0.0.1,GET,http://127.0.0.1:8000/admin/album,2,10001
"2025-07-30 22:05:08",9.43,320.20,50821b,127.0.0.1,GET,http://127.0.0.1:8000/admin/album,2,10001
"2025-07-30 22:05:07",9.24,319.06,8534f8,127.0.0.1,GET,http://127.0.0.1:8000/admin/album,2,10001
"2025-07-30 22:05:07",12.00,325.02,d8e8ff,127.0.0.1,GET,http://127.0.0.1:8000/admin/album,2,10001
"2025-07-30 22:05:07",9.43,318.91,e13923,127.0.0.1,GET,http://127.0.0.1:8000/admin/album,2,10001
"2025-07-30 22:05:06",9.47,319.38,ee1601,127.0.0.1,GET,http://127.0.0.1:8000/admin/album,2,10001
"2025-07-30 22:05:06",9.70,319.93,7c5ea1,127.0.0.1,GET,http://127.0.0.1:8000/admin/album,2,10001
"2025-07-30 22:05:06",10.12,318.41,3865fc,127.0.0.1,GET,http://127.0.0.1:8000/admin/album,2,10001
"2025-07-30 22:05:05",10.13,319.70,92500a,127.0.0.1,GET,http://127.0.0.1:8000/admin/album,2,10001
"2025-07-30 22:05:05",7.24,316.75,55e227,127.0.0.1,GET,http://127.0.0.1:8000/admin/album,2,10001
"2025-07-30 22:05:04",11.05,318.55,4ff533,127.0.0.1,GET,http://127.0.0.1:8000/admin/album,2,10001
"2025-07-30 22:05:04",10.02,324.39,921a05,127.0.0.1,GET,http://127.0.0.1:8000/admin/album,2,10001
"2025-07-30 22:05:04",9.33,318.02,d6290d,127.0.0.1,GET,http://127.0.0.1:8000/admin/album,2,10001
"2025-07-30 22:05:03",12.85,327.17,80a14b,127.0.0.1,GET,http://127.0.0.1:8000/admin/album,2,10001
"2025-07-30 22:05:03",9.27,316.79,cd90b9,127.0.0.1,GET,http://127.0.0.1:8000/admin/album,2,10001
"2025-07-30 22:05:03",10.33,321.57,fb1f64,127.0.0.1,GET,http://127.0.0.1:8000/admin/album,2,10001
"2025-07-30 22:05:02",10.15,318.20,ca5e40,127.0.0.1,GET,http://127.0.0.1:8000/admin/album,2,10001
"2025-07-30 22:05:02",9.11,317.90,ef8e9e,127.0.0.1,GET,http://127.0.0.1:8000/admin/album,2,10001
"2025-07-30 22:05:02",12.08,323.35,8a49fd,127.0.0.1,GET,http://127.0.0.1:8000/admin/album,2,10001
"2025-07-30 22:05:01",5.56,314.17,ddda92,127.0.0.1,GET,http://127.0.0.1:8000/admin/album,2,10001
"2025-07-30 22:05:01",11.03,322.53,ccbec3,127.0.0.1,GET,http://127.0.0.1:8000/admin/album,2,10001
"2025-07-30 22:05:01",9.53,318.78,d687f8,127.0.0.1,GET,http://127.0.0.1:8000/admin/album,2,10001
"2025-07-30 22:05:00",11.50,322.09,b7a38e,127.0.0.1,GET,http://127.0.0.1:8000/admin/album,2,10001
"2025-07-30 22:05:00",10.04,319.58,200833,127.0.0.1,GET,http://127.0.0.1:8000/admin/album,2,10001
"2025-07-30 22:05:00",9.29,317.46,f5d19d,127.0.0.1,GET,http://127.0.0.1:8000/admin/album,2,10001
"2025-07-30 22:04:59",9.86,320.65,19f751,127.0.0.1,GET,http://127.0.0.1:8000/admin/album,2,10001
"2025-07-30 22:04:59",9.88,319.96,18c54a,127.0.0.1,GET,http://127.0.0.1:8000/admin/album,2,10001
"2025-07-30 22:04:59",9.40,318.89,7db597,127.0.0.1,GET,http://127.0.0.1:8000/admin/album,2,10001
"2025-07-30 22:04:58",9.41,319.60,6c7b98,127.0.0.1,GET,http://127.0.0.1:8000/admin/album,2,10001
"2025-07-30 22:04:58",11.94,326.56,9b2dc6,127.0.0.1,GET,http://127.0.0.1:8000/admin/album,2,10001
"2025-07-30 22:04:58",12.43,322.97,b8f975,127.0.0.1,GET,http://127.0.0.1:8000/admin/album,2,10001
"2025-07-30 22:04:57",11.82,319.88,8bb6e1,127.0.0.1,GET,http://127.0.0.1:8000/admin/album,2,10001
"2025-07-30 22:04:57",12.29,322.75,6d360c,127.0.0.1,GET,http://127.0.0.1:8000/admin/album,2,10001
"2025-07-30 22:04:57",11.13,322.06,0edcb0,127.0.0.1,GET,http://127.0.0.1:8000/admin/album,2,10001
"2025-07-30 22:04:56",9.94,321.45,3567f0,127.0.0.1,GET,http://127.0.0.1:8000/admin/album,2,10001
"2025-07-30 22:04:56",8.41,318.85,bad215,127.0.0.1,GET,http://127.0.0.1:8000/admin/album,2,10001
"2025-07-30 22:04:56",8.66,318.13,51213b,127.0.0.1,GET,http://127.0.0.1:8000/admin/album,2,10001
"2025-07-30 22:04:55",10.43,320.45,0026ba,127.0.0.1,GET,http://127.0.0.1:8000/admin/album,2,10001
"2025-07-30 22:04:55",11.22,327.39,3f334f,127.0.0.1,GET,http://127.0.0.1:8000/admin/album,2,10001
"2025-07-30 22:04:55",9.83,318.63,ea010b,127.0.0.1,GET,http://127.0.0.1:8000/admin/album,2,10001
"2025-07-30 22:04:54",8.93,317.34,d863e5,127.0.0.1,GET,http://127.0.0.1:8000/admin/album,2,10001
"2025-07-30 22:04:54",12.02,322.25,f7ccf8,127.0.0.1,GET,http://127.0.0.1:8000/admin/album,2,10001
"2025-07-30 22:04:54",9.86,321.04,409540,127.0.0.1,GET,http://127.0.0.1:8000/admin/album,2,10001
"2025-07-30 22:04:53",10.38,322.67,27acd8,127.0.0.1,GET,http://127.0.0.1:8000/admin/album,2,10001
"2025-07-30 22:04:53",10.49,321.97,01a7d9,127.0.0.1,GET,http://127.0.0.1:8000/admin/album,2,10001
"2025-07-30 22:04:53",8.04,318.85,a0363d,127.0.0.1,GET,http://127.0.0.1:8000/admin/album,2,10001
"2025-07-30 22:04:52",11.71,323.24,898cc9,127.0.0.1,GET,http://127.0.0.1:8000/admin/album,2,10001
"2025-07-30 22:04:52",5.42,318.89,32bd3f,127.0.0.1,GET,http://127.0.0.1:8000/admin/album,2,10001
"2025-07-30 22:04:52",10.87,321.10,f12da7,127.0.0.1,GET,http://127.0.0.1:8000/admin/album,2,10001
"2025-07-30 22:04:51",10.46,318.01,e71262,127.0.0.1,GET,http://127.0.0.1:8000/admin/album,2,10001
"2025-07-30 22:04:51",11.84,320.88,c751fe,127.0.0.1,GET,http://127.0.0.1:8000/admin/album,2,10001
"2025-07-30 22:04:50",10.74,323.14,91023b,127.0.0.1,GET,http://127.0.0.1:8000/admin/album,2,10001
"2025-07-30 22:04:50",5.90,316.09,9c5b94,127.0.0.1,GET,http://127.0.0.1:8000/admin/album,2,10001
"2025-07-30 22:04:50",10.19,319.78,8cac81,127.0.0.1,GET,http://127.0.0.1:8000/admin/album,2,10001
"2025-07-30 22:04:49",12.58,322.50,1dbcff,127.0.0.1,GET,http://127.0.0.1:8000/admin/album,2,10001
"2025-07-30 22:04:49",11.04,324.61,01af25,127.0.0.1,GET,http://127.0.0.1:8000/admin/album,2,10001
"2025-07-30 22:04:49",8.29,318.70,b2c451,127.0.0.1,GET,http://127.0.0.1:8000/admin/album,2,10001
"2025-07-30 22:04:48",5.09,310.99,ae35d0,127.0.0.1,GET,http://127.0.0.1:8000/admin/album,2,10001
"2025-07-30 22:04:48",9.47,318.42,d9f84b,127.0.0.1,GET,http://127.0.0.1:8000/admin/album,2,10001
"2025-07-30 22:04:48",10.83,319.50,ffda6e,127.0.0.1,GET,http://127.0.0.1:8000/admin/album,2,10001
"2025-07-30 22:04:47",12.69,323.33,dd2f62,127.0.0.1,GET,http://127.0.0.1:8000/admin/album,2,10001
"2025-07-30 22:04:47",7.98,319.07,6bfefd,127.0.0.1,GET,http://127.0.0.1:8000/admin/album,2,10001
"2025-07-30 22:04:47",9.60,320.35,0902a4,127.0.0.1,GET,http://127.0.0.1:8000/admin/album,2,10001
"2025-07-30 22:04:46",9.26,318.66,25e3fa,127.0.0.1,GET,http://127.0.0.1:8000/admin/album,2,10001
"2025-07-30 22:04:46",12.56,326.13,8e79d3,127.0.0.1,GET,http://127.0.0.1:8000/admin/album,2,10001
"2025-07-30 22:04:46",10.10,318.69,31473b,127.0.0.1,GET,http://127.0.0.1:8000/admin/album,2,10001
"2025-07-30 22:04:45",9.54,320.05,0bce28,127.0.0.1,GET,http://127.0.0.1:8000/admin/album,2,10001
"2025-07-30 22:04:45",10.18,319.62,701633,127.0.0.1,GET,http://127.0.0.1:8000/admin/album,2,10001
"2025-07-30 22:04:45",8.48,317.93,b265ce,127.0.0.1,GET,http://127.0.0.1:8000/admin/album,2,10001
"2025-07-30 22:04:44",8.58,318.66,5ef9ee,127.0.0.1,GET,http://127.0.0.1:8000/admin/album,2,10001
"2025-07-30 22:04:44",11.71,322.44,0a22cb,127.0.0.1,GET,http://127.0.0.1:8000/admin/album,2,10001
"2025-07-30 22:04:44",9.66,319.65,1a39cb,127.0.0.1,GET,http://127.0.0.1:8000/admin/album,2,10001
"2025-07-30 22:04:43",9.44,321.08,28a39f,127.0.0.1,GET,http://127.0.0.1:8000/admin/album,2,10001
"2025-07-30 22:04:43",9.34,321.26,12f1b8,127.0.0.1,GET,http://127.0.0.1:8000/admin/album,2,10001
"2025-07-30 22:04:43",9.72,319.25,704150,127.0.0.1,GET,http://127.0.0.1:8000/admin/album,2,10001
"2025-07-30 22:04:42",6.75,313.53,c40474,127.0.0.1,GET,http://127.0.0.1:8000/admin/album,2,10001
"2025-07-30 22:04:42",9.39,316.77,1948be,127.0.0.1,GET,http://127.0.0.1:8000/admin/album,2,10001
"2025-07-30 22:04:42",12.24,321.93,e63767,127.0.0.1,GET,http://127.0.0.1:8000/admin/album,2,10001
"2025-07-30 22:04:41",9.54,320.69,0370de,127.0.0.1,GET,http://127.0.0.1:8000/admin/album,2,10001
"2025-07-30 22:04:41",9.89,322.46,a43d2b,127.0.0.1,GET,http://127.0.0.1:8000/admin/album,2,10001
"2025-07-30 22:04:41",9.58,318.80,bbfba6,127.0.0.1,GET,http://127.0.0.1:8000/admin/album,2,10001
"2025-07-30 22:04:40",9.23,315.77,c69b3d,127.0.0.1,GET,http://127.0.0.1:8000/admin/album,2,10001
"2025-07-30 22:04:40",10.84,322.79,1619a6,127.0.0.1,GET,http://127.0.0.1:8000/admin/album,2,10001
"2025-07-30 22:04:40",7.02,315.19,6f7a80,127.0.0.1,GET,http://127.0.0.1:8000/admin/album,2,10001
"2025-07-30 22:04:39",9.36,319.91,38b3fc,127.0.0.1,GET,http://127.0.0.1:8000/admin/album,2,10001
"2025-07-30 22:04:39",7.22,314.48,f6169d,127.0.0.1,GET,http://127.0.0.1:8000/admin/album,2,10001
"2025-07-30 22:04:39",9.16,317.81,cb85d8,127.0.0.1,GET,http://127.0.0.1:8000/admin/album,2,10001
"2025-07-30 22:04:38",7.90,314.60,5131a1,127.0.0.1,GET,http://127.0.0.1:8000/admin/album,2,10001
"2025-07-30 22:04:38",9.49,320.37,3fa6fb,127.0.0.1,GET,http://127.0.0.1:8000/admin/album,2,10001
"2025-07-30 22:04:38",8.55,315.44,580d66,127.0.0.1,GET,http://127.0.0.1:8000/admin/album,2,10001
"2025-07-30 22:04:37",8.58,317.25,612190,127.0.0.1,GET,http://127.0.0.1:8000/admin/album,2,10001
"2025-07-30 22:04:37",9.47,322.15,cc73f1,127.0.0.1,GET,http://127.0.0.1:8000/admin/album,2,10001
"2025-07-30 22:04:37",10.51,320.25,c523bc,127.0.0.1,GET,http://127.0.0.1:8000/admin/album,2,10001
"2025-07-30 22:04:36",9.62,319.69,97334c,127.0.0.1,GET,http://127.0.0.1:8000/admin/album,2,10001
"2025-07-30 22:04:36",9.86,319.04,3f0344,127.0.0.1,GET,http://127.0.0.1:8000/admin/album,2,10001
"2025-07-30 22:04:36",9.47,317.27,327adf,127.0.0.1,GET,http://127.0.0.1:8000/admin/album,2,10001
"2025-07-30 22:04:35",9.91,320.29,da359a,127.0.0.1,GET,http://127.0.0.1:8000/admin/album,2,10001
"2025-07-30 22:04:35",11.53,320.02,93bb81,127.0.0.1,GET,http://127.0.0.1:8000/admin/album,2,10001
"2025-07-30 22:04:34",10.61,318.41,d4f687,127.0.0.1,GET,http://127.0.0.1:8000/admin/album,2,10001
"2025-07-30 22:04:34",6.37,317.76,dafe92,127.0.0.1,GET,http://127.0.0.1:8000/admin/album,2,10001
"2025-07-30 22:04:34",9.51,320.69,cd294f,127.0.0.1,GET,http://127.0.0.1:8000/admin/album,2,10001
"2025-07-30 22:04:33",10.83,331.99,04b471,127.0.0.1,GET,http://127.0.0.1:8000/admin/album,2,10001
"2025-07-30 22:04:33",5.92,314.56,68e3c2,127.0.0.1,GET,http://127.0.0.1:8000/admin/album,2,10001
"2025-07-30 22:04:33",11.89,322.96,59a782,127.0.0.1,GET,http://127.0.0.1:8000/admin/album,2,10001
"2025-07-30 22:04:32",10.29,319.58,a8f174,127.0.0.1,GET,http://127.0.0.1:8000/admin/album,2,10001
"2025-07-30 22:04:32",12.56,321.02,8ed54f,127.0.0.1,GET,http://127.0.0.1:8000/admin/album,2,10001
"2025-07-30 22:04:32",9.47,317.96,437ee2,127.0.0.1,GET,http://127.0.0.1:8000/admin/album,2,10001
"2025-07-30 22:04:31",11.55,323.83,8810e7,127.0.0.1,GET,http://127.0.0.1:8000/admin/album,2,10001
"2025-07-30 22:04:31",11.20,324.17,b8eb35,127.0.0.1,GET,http://127.0.0.1:8000/admin/album,2,10001
"2025-07-30 22:04:31",9.58,319.28,0f110f,127.0.0.1,GET,http://127.0.0.1:8000/admin/album,2,10001
"2025-07-30 22:04:30",8.17,316.94,8a7a65,127.0.0.1,GET,http://127.0.0.1:8000/admin/album,2,10001
"2025-07-30 22:04:30",9.98,318.91,13ef43,127.0.0.1,GET,http://127.0.0.1:8000/admin/album,2,10001
"2025-07-30 22:04:30",9.02,318.58,26d353,127.0.0.1,GET,http://127.0.0.1:8000/admin/album,2,10001
"2025-07-30 22:04:29",10.19,319.67,2507a2,127.0.0.1,GET,http://127.0.0.1:8000/admin/album,2,10001
"2025-07-30 22:04:29",8.82,317.92,4ad968,127.0.0.1,GET,http://127.0.0.1:8000/admin/album,2,10001
"2025-07-30 22:04:29",9.50,319.66,34a8ff,127.0.0.1,GET,http://127.0.0.1:8000/admin/album,2,10001
"2025-07-30 22:04:28",7.19,316.09,f199bd,127.0.0.1,GET,http://127.0.0.1:8000/admin/album,2,10001
"2025-07-30 22:04:28",11.41,324.96,d21183,127.0.0.1,GET,http://127.0.0.1:8000/admin/album,2,10001
"2025-07-30 22:04:28",9.50,316.23,961844,127.0.0.1,GET,http://127.0.0.1:8000/admin/album,2,10001
"2025-07-30 22:04:27",6.58,315.58,3f01d2,127.0.0.1,GET,http://127.0.0.1:8000/admin/album,2,10001
"2025-07-30 22:04:27",8.91,319.87,51b637,127.0.0.1,GET,http://127.0.0.1:8000/admin/album,2,10001
"2025-07-30 22:04:27",8.52,318.08,c9e3b2,127.0.0.1,GET,http://127.0.0.1:8000/admin/album,2,10001
"2025-07-30 22:04:26",8.46,315.51,35ac13,127.0.0.1,GET,http://127.0.0.1:8000/admin/album,2,10001
"2025-07-30 22:04:26",9.36,318.94,1ff827,127.0.0.1,GET,http://127.0.0.1:8000/admin/album,2,10001
"2025-07-30 22:04:26",11.78,319.96,ab0008,127.0.0.1,GET,http://127.0.0.1:8000/admin/album,2,10001
"2025-07-30 22:04:25",7.24,349.08,052f51,127.0.0.1,GET,http://127.0.0.1:8000/admin/album,2,10001
